Date,Fintech,FAANG,NASDAQ,SNP500
1/2/2015,1,1,1,1
1/5/2015,0.989563757,0.97630545,0.984293798,0.981721895
1/6/2015,0.964398682,0.965144068,0.9716363,0.972990979
1/7/2015,0.973349188,0.971857788,0.983849606,0.984306711
1/8/2015,0.995074496,0.994846497,1.0019844,1.001914266
1/9/2015,0.981556407,0.989816642,0.995189095,0.993494367
1/12/2015,0.965598783,0.972064356,0.986862155,0.985453337
1/13/2015,0.964056542,0.978754293,0.986183058,0.982912291
1/14/2015,0.961312236,0.978628326,0.981490639,0.977198556
1/15/2015,0.94815939,0.960391972,0.966998836,0.968161545
1/16/2015,0.968338759,0.964500015,0.980445549,0.981158338
1/20/2015,0.976503289,0.97714011,0.984776211,0.982679087
1/21/2015,0.96545583,0.993356216,0.987435472,0.987328755
1/22/2015,0.988211744,1.021004085,1.004990648,1.00240499
1/23/2015,0.992842476,1.028004814,1.006573106,0.996900261
1/26/2015,0.996660525,1.024990405,1.009509523,0.99946076
1/27/2015,0.987230895,0.996440843,0.990414242,0.986080117
1/28/2015,0.977933519,1.01652038,0.981209352,0.972772365
1/29/2015,0.985869728,1.038196245,0.990818353,0.982047443
1/30/2015,0.965970473,1.054623362,0.980627564,0.969288717
2/2/2015,0.982423447,1.060240197,0.98939663,0.981853087
2/3/2015,1.003403715,1.062011589,1.000196787,0.99603055
2/4/2015,1.002657272,1.062981666,0.997861166,0.991891001
2/5/2015,1.020208214,1.072804721,1.008100609,1.002098955
2/6/2015,0.991652642,1.068323401,1.003721293,0.998673608
2/9/2015,0.991208478,1.068347263,0.999830691,0.994432047
2/10/2015,1.002299113,1.0854748,1.012869161,1.005048167
2/11/2015,1.000163874,1.100310396,1.01573368,1.005018987
2/12/2015,1.010935642,1.111046803,1.027671898,1.014711899
2/13/2015,1.017472774,1.118488024,1.035336682,1.018846584
2/17/2015,1.01724367,1.116236661,1.036485486,1.020474268
2/18/2015,1.016815264,1.119853782,1.037985407,1.020153523
2/19/2015,1.02541124,1.126546581,1.041865473,1.019070062
2/20/2015,1.067695784,1.132291764,1.048480932,1.025313429
2/23/2015,1.064851815,1.141447762,1.049538728,1.025002411
2/24/2015,1.070232672,1.138458762,1.051051355,1.027830158
2/25/2015,1.068397521,1.131592581,1.050844031,1.027043124
2/26/2015,1.07163389,1.1455303,1.055233884,1.025527179
2/27/2015,1.068690129,1.133737153,1.050080228,1.022495409
3/2/2015,1.075715242,1.14658147,1.059509486,1.02875811
3/3/2015,1.06827842,1.147873264,1.053543477,1.024089048
3/4/2015,1.063049925,1.145196849,1.050844031,1.01959483
3/5/2015,1.068805572,1.13970354,1.054159147,1.020814347
3/6/2015,1.059308341,1.130682424,1.042430319,1.006345379
3/9/2015,1.059006386,1.131538201,1.045618478,1.010314829
3/10/2015,1.034485588,1.106129999,1.028133134,0.993178546
3/11/2015,1.032224422,1.093636969,1.026049255,0.991273947
3/12/2015,1.050343622,1.111016933,1.035220366,1.003765426
3/13/2015,1.057208972,1.099789908,1.030665439,0.997667841
3/16/2015,1.074060321,1.109396107,1.042882981,1.01116995
3/17/2015,1.073054577,1.117899079,1.044558617,1.00781269
3/18/2015,1.08215667,1.132353368,1.054163382,1.020066101
3/19/2015,1.082730384,1.129884292,1.056183731,1.015095748
3/20/2015,1.088174881,1.12835521,1.063385213,1.024244557
3/23/2015,1.08454591,1.132718949,1.060116686,1.022456502
3/24/2015,1.078102267,1.138044895,1.056680916,1.01617921
3/25/2015,1.053246976,1.112119955,1.031672515,1.001384753
3/26/2015,1.052000061,1.112440916,1.028888363,0.99900396
3/27/2015,1.054875044,1.106541531,1.034782476,1.001370162
3/30/2015,1.030466272,1.122698924,1.046676274,1.013623574
3/31/2015,1.022077388,1.109498597,1.036826067,1.004707969
4/1/2015,1.024516983,1.104175396,1.032457391,1.000723929
4/2/2015,1.031288832,1.106046054,1.033876945,1.004256151
4/6/2015,1.029278525,1.119310797,1.040304087,1.010893094
4/7/2015,1.024325648,1.112463769,1.038804166,1.00880873
4/8/2015,1.043487847,1.116587225,1.047391319,1.011514892
4/9/2015,1.042364196,1.120923388,1.052413784,1.016023701
4/10/2015,1.050411619,1.123142242,1.056945365,1.021309935
4/13/2015,1.039690484,1.124624524,1.055310016,1.016631028
4/14/2015,1.043643459,1.120745841,1.052991336,1.018287891
4/15/2015,1.049610969,1.121294156,1.060127223,1.023530237
4/16/2015,1.043970238,1.126208154,1.059443891,1.022733476
4/17/2015,1.026874703,1.109610102,1.043369629,1.011165086
4/20/2015,1.03707392,1.136251344,1.056653438,1.020503329
4/21/2015,1.044080154,1.133835384,1.060778841,1.018992367
4/22/2015,1.062018776,1.144433779,1.065236356,1.02417647
4/23/2015,1.069800516,1.148437082,1.069655856,1.026591187
4/24/2015,1.066671996,1.182838865,1.077276221,1.028903893
4/27/2015,1.066885747,1.186982464,1.070542276,1.024642878
4/28/2015,1.065709122,1.170848035,1.069520429,1.027480352
4/29/2015,1.063411015,1.160520399,1.062797124,1.02363723
4/30/2015,1.050902552,1.133959866,1.045402684,1.013268904
5/1/2015,1.055643644,1.150874838,1.058936169,1.024336842
5/4/2015,1.062656548,1.150710378,1.06137757,1.02734916
5/5/2015,1.052888713,1.132261153,1.044960558,1.015188033
5/6/2015,1.0541489,1.12553264,1.040794971,1.010664635
5/7/2015,1.054577256,1.136328459,1.046274333,1.014478695
5/8/2015,1.071087419,1.153714996,1.05854683,1.028131449
5/11/2015,1.071158002,1.147387587,1.056435474,1.022898712
5/12/2015,1.067871423,1.140294426,1.0527586,1.019881531
5/13/2015,1.070656424,1.140276097,1.053922176,1.019570513
5/14/2015,1.083216067,1.164298315,1.068543001,1.030560756
5/15/2015,1.070892503,1.159407752,1.068012037,1.031352653
5/18/2015,1.074950668,1.165572647,1.074390525,1.034496163
5/19/2015,1.082643128,1.164978684,1.07261128,1.033830594
5/20/2015,1.078858456,1.167107156,1.072973141,1.032868598
5/21/2015,1.097223556,1.177824352,1.077003302,1.035283315
5/22/2015,1.119583833,1.17980397,1.076700735,1.03297061
5/26/2015,1.10481687,1.160601093,1.064724399,1.022349626
5/27/2015,1.107168493,1.180020785,1.080345895,1.031717049
5/28/2015,1.106004221,1.175744386,1.0785244,1.03041011
5/29/2015,1.09790242,1.165684373,1.07261128,1.023899496
6/1/2015,1.112847994,1.170018217,1.075340475,1.026008177
6/2/2015,1.11210085,1.170103458,1.073984348,1.024973349
6/3/2015,1.127499775,1.177026466,1.078788849,1.027145136
6/4/2015,1.10781789,1.169233326,1.070303239,1.018287891
6/5/2015,1.112886209,1.163933209,1.072279169,1.016825443
6/8/2015,1.097890801,1.152964348,1.062371837,1.010241997
6/9/2015,1.101426615,1.15428598,1.060730187,1.010664635
6/10/2015,1.124328141,1.172035185,1.074020297,1.022835488
6/11/2015,1.117324959,1.169915028,1.075251534,1.024613817
6/12/2015,1.115132973,1.160642146,1.068606531,1.01744736
6/15/2015,1.107320941,1.15233121,1.06413631,1.012744136
6/16/2015,1.122261127,1.159222769,1.069547907,1.018506505
6/17/2015,1.124653366,1.159198026,1.071521771,1.020522783
6/18/2015,1.122436295,1.172631399,1.085922669,1.030628724
6/19/2015,1.120410303,1.163894483,1.082548259,1.025162783
6/22/2015,1.134077678,1.175047259,1.090369647,1.031411014
6/23/2015,1.130377674,1.184967521,1.091664311,1.032066855
6/24/2015,1.116785843,1.187185502,1.083692827,1.024477761
6/25/2015,1.118837282,1.180136975,1.081530647,1.0214314
6/26/2015,1.111731121,1.173489038,1.074828415,1.021032961
6/29/2015,1.082333234,1.151571675,1.04900983,0.999727889
6/30/2015,1.096261545,1.158740452,1.055018089,1.002385656
7/1/2015,1.096955681,1.167617311,1.060571518,1.009338243
7/2/2015,1.094492565,1.168795889,1.059744288,1.009027344
7/6/2015,1.049710524,1.166886991,1.056090657,1.005130725
7/7/2015,1.054935932,1.165883222,1.057258468,1.0112429
7/8/2015,1.027913942,1.143312296,1.038704688,0.994402926
7/9/2015,1.028938691,1.139942988,1.041378824,0.996652467
7/10/2015,1.037232663,1.165989652,1.057309292,1.008949648
7/13/2015,1.067596864,1.195342369,1.072924383,1.020114735
7/14/2015,1.071690675,1.205320596,1.079986307,1.024657468
7/15/2015,1.078398567,1.205537294,1.078727488,1.023904359
7/16/2015,1.100506258,1.244484977,1.092318099,1.032110626
7/17/2015,1.095888392,1.304682106,1.102252909,1.033252329
7/20/2015,1.126906845,1.31232751,1.104097647,1.034049208
7/21/2015,1.108268298,1.309942193,1.101825555,1.029642411
7/22/2015,1.096029673,1.288562539,1.094135359,1.027183924
7/23/2015,1.083659373,1.271438855,1.088770247,1.021353587
7/24/2015,1.080328258,1.287859455,1.076546301,1.010421704
7/27/2015,1.063128543,1.277779168,1.066211615,1.004586504
7/28/2015,1.0912805,1.279293111,1.076669022,1.017029467
7/29/2015,1.097324148,1.285305336,1.081433338,1.024472898
7/30/2015,1.111218918,1.288563519,1.085040381,1.024501959
7/31/2015,1.113952102,1.281538472,1.084934601,1.022174783
8/3/2015,1.124890108,1.273960297,1.082205508,1.019356763
8/4/2015,1.117455632,1.267919025,1.080125865,1.017063511
8/5/2015,1.126488887,1.28781597,1.087401414,1.020231337
8/6/2015,1.105939819,1.283306457,1.069736224,1.012321498
8/7/2015,1.111803756,1.271885405,1.067007131,1.009411193
8/10/2015,1.110006438,1.283212914,1.079332518,1.0223399
8/11/2015,1.107188251,1.280976902,1.065579107,1.012569292
8/12/2015,1.098724134,1.28300421,1.067186977,1.013531289
8/13/2015,1.094454046,1.284943393,1.064895775,1.012238821
8/14/2015,1.104695575,1.290172526,1.0680015,1.016198663
8/17/2015,1.112499026,1.298694389,1.077195853,1.021494506
8/18/2015,1.101036768,1.295304563,1.070351894,1.018812541
8/19/2015,1.090838498,1.290982267,1.061825997,1.010402369
8/20/2015,1.057844482,1.248736907,1.031877773,0.989082708
8/21/2015,0.982091519,1.182107565,0.995605912,0.957579468
8/24/2015,0.947130492,1.129745258,0.957569681,0.919837725
8/25/2015,0.921648495,1.134692417,0.953389321,0.907399684
8/26/2015,0.944970443,1.213063901,0.993807659,0.942818995
8/27/2015,0.979329808,1.249136523,1.018172912,0.965727374
8/28/2015,0.983600536,1.248398109,1.021475321,0.966315247
8/31/2015,0.98152008,1.232007786,1.010514429,0.958206248
9/1/2015,0.953181081,1.184548597,0.980809476,0.929865912
9/2/2015,0.978544425,1.219838198,1.004901809,0.946875926
9/3/2015,0.982857373,1.199457374,1.001415318,0.947978841
9/4/2015,0.965091017,1.188239422,0.990926198,0.933446709
9/8/2015,0.984163685,1.215613468,1.018007941,0.956860403
9/9/2015,0.971341831,1.212940978,1.006287481,0.943562377
9/10/2015,0.966237088,1.230913166,1.014690656,0.948542457
9/11/2015,0.972380398,1.241173081,1.020210202,0.952798608
9/14/2015,0.971938434,1.237143924,1.016702534,0.94890199
9/15/2015,0.978038598,1.250473704,1.028287568,0.961077647
9/16/2015,0.980141242,1.259140922,1.034363593,0.969444226
9/17/2015,0.974924793,1.264935509,1.035360028,0.966961422
9/18/2015,0.967490145,1.256251332,1.021244755,0.951331297
9/21/2015,0.990200367,1.27019199,1.021608682,0.95567487
9/22/2015,0.976545618,1.245559318,1.006327768,0.943902457
9/23/2015,0.990885466,1.248166399,1.005485766,0.941968738
9/24/2015,0.985237294,1.25547279,1.001622642,0.938800912
9/25/2015,0.984676952,1.237124221,0.991472038,0.938363624
9/28/2015,0.952357767,1.199996984,0.961318555,0.914279499
9/29/2015,0.9405567,1.179390911,0.95568042,0.915406671
9/30/2015,0.964386074,1.210110306,0.977437235,0.932868562
10/1/2015,0.971384117,1.219573737,0.978901208,0.934709937
10/2/2015,0.995002026,1.239929655,0.995973971,0.94809058
10/5/2015,1.001706273,1.264141742,1.011519335,0.965431006
10/6/2015,0.985984548,1.258821924,1.004559059,0.961966811
10/7/2015,1.01629975,1.25771681,1.013611684,0.969696824
10/8/2015,1.023271748,1.25300301,1.017766735,0.978248033
10/9/2015,1.025829809,1.266517867,1.021930256,0.978957372
10/12/2015,1.027393447,1.275685859,1.023658678,0.98020601
10/13/2015,1.017007938,1.274958981,1.014766789,0.973515688
10/14/2015,1.018976375,1.267992627,1.011855784,0.968924321
10/15/2015,1.040003422,1.286243721,1.030314321,0.983315535
10/16/2015,1.043121633,1.291805301,1.033824055,0.987809753
10/19/2015,1.052306133,1.301062534,1.037797194,0.988077
10/20/2015,1.044093961,1.284441605,1.032613994,0.986672854
10/21/2015,1.031949884,1.276450776,1.023971782,0.980925075
10/22/2015,1.058134421,1.296162306,1.04088164,0.997235477
10/23/2015,1.06427115,1.362966236,1.064536083,1.008235328
10/26/2015,1.076547343,1.371611631,1.065136981,1.006306472
10/27/2015,1.067467267,1.369071482,1.064174325,1.003736246
10/28/2015,1.087914009,1.389728341,1.078039921,1.015620517
10/29/2015,1.078243757,1.402415073,1.07350834,1.015163717
10/30/2015,1.08042957,1.392698996,1.069167142,1.010280904
11/2/2015,1.09012833,1.406210079,1.084695564,1.022276795
11/3/2015,1.100004492,1.408215486,1.088499394,1.025065635
11/4/2015,1.103213756,1.42672431,1.087938783,1.0214314
11/5/2015,1.0900511,1.446641644,1.084820454,1.020274989
11/6/2015,1.091541181,1.448090567,1.088920446,1.019920319
11/9/2015,1.086972977,1.435132565,1.077957384,1.009901918
11/10/2015,1.090979603,1.436452953,1.075406071,1.011427471
11/11/2015,1.085720173,1.451408376,1.071974536,1.008162496
11/12/2015,1.071276119,1.437745713,1.058870574,0.994057924
11/13/2015,1.053177845,1.393584886,1.042538165,0.982917154
11/16/2015,1.0661614,1.413843834,1.054542081,0.997565829
11/17/2015,1.073312067,1.414031288,1.054838243,0.99622971
11/18/2015,1.081085587,1.452596066,1.073705127,1.012331225
11/19/2015,1.08651416,1.449957371,1.073375083,1.011194267
11/20/2015,1.102944868,1.471380971,1.079992608,1.015047115
11/23/2015,1.092132358,1.475823994,1.079476416,1.013793673
11/24/2015,1.079208653,1.464371368,1.079546247,1.015032525
11/25/2015,1.083104682,1.465684618,1.082366347,1.014901451
11/27/2015,1.08230643,1.46599444,1.084773866,1.015503915
11/30/2015,1.076952842,1.452502506,1.080785955,1.010790964
12/1/2015,1.082438098,1.48192602,1.090864662,1.021586791
12/2/2015,1.076077459,1.475928046,1.083864203,1.010353736
12/3/2015,1.048062975,1.455949978,1.065735607,0.995831389
12/4/2015,1.075084464,1.483469128,1.087894363,1.016271495
12/7/2015,1.068484108,1.472035727,1.079334688,1.009168262
12/8/2015,1.073400246,1.479930145,1.078579459,1.00261886
12/9/2015,1.059195198,1.453380138,1.062634219,0.994859607
12/10/2015,1.069035902,1.451938875,1.067351948,0.997099421
12/11/2015,1.049769208,1.414043992,1.043720851,0.977732991
12/14/2015,1.055251928,1.437102411,1.047689651,0.982382659
12/15/2015,1.082367973,1.429466635,1.056814173,0.99281415
12/16/2015,1.064316536,1.460118285,1.072844015,1.007224817
12/17/2015,1.050693775,1.44585289,1.058335271,0.992075631
12/18/2015,1.032615174,1.421986616,1.041522722,0.974419442
12/21/2015,1.044599574,1.429746186,1.051220561,0.981998869
12/22/2015,1.060875761,1.431025777,1.058030638,0.990656894
12/23/2015,1.072915429,1.433763057,1.067512786,1.002958939
12/24/2015,1.071636445,1.431047803,1.06805439,1.001355572
12/28/2015,1.068778298,1.448569895,1.066467696,0.999174059
12/29/2015,1.082341734,1.478779993,1.080631521,1.009795043
12/30/2015,1.067390845,1.470224018,1.071727028,1.002507121
12/31/2015,1.055358396,1.444536321,1.059363523,0.993071611
1/4/2016,1.021012385,1.39617242,1.037293605,0.97787391
1/5/2016,1.022179727,1.389263763,1.034826895,0.979841613
1/6/2016,1.01995915,1.394462604,1.023049309,0.966990602
1/7/2016,0.995938543,1.346229084,0.992091943,0.944072496
1/8/2016,0.982702658,1.334872524,0.982402471,0.933840285
1/11/2016,0.984500251,1.349630474,0.981209352,0.934637105
1/12/2016,0.988305517,1.363176393,0.991349317,0.94192989
1/13/2016,0.953918344,1.300392401,0.957529497,0.918414184
1/14/2016,0.976214067,1.327234119,0.976345557,0.933747941
1/15/2016,0.955927617,1.284764417,0.949566381,0.913579827
1/19/2016,0.953376269,1.295415948,0.947139855,0.914065689
1/20/2016,0.947812906,1.289616317,0.946027,0.903376737
1/21/2016,0.948121826,1.291765274,0.946105302,0.908070175
1/22/2016,0.965929458,1.333975977,0.971306255,0.926489199
1/25/2016,0.953177084,1.319121459,0.955928031,0.912000778
1/26/2016,0.963050261,1.324158636,0.966332445,0.924900423
1/27/2016,0.942133428,1.281810763,0.945282308,0.914852782
1/28/2016,0.976073026,1.376508497,0.953429505,0.919910616
1/29/2016,1.025054406,1.358915299,0.976123461,0.942687803
2/1/2016,1.042613125,1.364193054,0.977481655,0.942269969
2/2/2016,1.022383345,1.352759587,0.955602222,0.924608918
2/3/2016,1.032330352,1.311137134,0.952913313,0.929224601
2/4/2016,1.03945644,1.296755609,0.954038771,0.930643279
2/5/2016,0.983404995,1.234424823,0.923062294,0.913443831
2/8/2016,0.947735205,1.216655129,0.906266583,0.900515006
2/9/2016,0.932615509,1.211174956,0.903095261,0.899917406
2/10/2016,0.942075628,1.223897656,0.9062327,0.899747366
2/11/2016,0.952629311,1.231274839,0.902689084,0.888679428
2/12/2016,0.979850815,1.234249859,0.917639954,0.906024717
2/16/2016,1.003470841,1.253443466,0.938467996,0.920989214
2/17/2016,1.030513071,1.287990556,0.959221971,0.936167521
2/18/2016,1.017741652,1.264787847,0.949380234,0.931799631
2/19/2016,1.016936876,1.274976637,0.952953497,0.931775374
2/22/2016,1.031286016,1.304277615,0.966954417,0.945243439
2/23/2016,1.018465455,1.283650464,0.952773651,0.933471026
2/24/2016,1.040728279,1.29408668,0.96103076,0.937615438
2/25/2016,1.052310689,1.304676241,0.969406458,0.948255756
2/26/2016,1.047720728,1.304335562,0.971156056,0.946482409
2/29/2016,1.056931055,1.294162639,0.964276148,0.938796048
3/1/2016,1.085555484,1.341932908,0.992127892,0.961203976
3/2/2016,1.087078989,1.342979318,0.995051602,0.965139441
3/3/2016,1.08545853,1.337749539,0.995897839,0.968516214
3/4/2016,1.092539217,1.337510941,0.997928827,0.971718024
3/7/2016,1.086594197,1.307017557,0.996073449,0.972578009
3/8/2016,1.069907796,1.304001854,0.983500451,0.961646126
3/9/2016,1.076640551,1.315569343,0.988907916,0.966504741
3/10/2016,1.070023017,1.319115504,0.98632272,0.966655327
3/11/2016,1.092628857,1.342125892,1.004582405,0.982504125
3/14/2016,1.08780322,1.348849948,1.004965236,0.981265214
3/15/2016,1.084590553,1.355289685,1.000393471,0.979462687
3/16/2016,1.098615317,1.365510853,1.007861572,0.984948022
3/17/2016,1.104728205,1.354200779,1.010192958,0.991443987
3/18/2016,1.101473663,1.351737166,1.0145637,0.995811936
3/21/2016,1.126692093,1.356685089,1.017360558,0.996793386
3/22/2016,1.129639822,1.361559327,1.020066408,0.995918811
3/23/2016,1.113749091,1.365092938,1.008896022,0.989558842
3/24/2016,1.096597633,1.371649722,1.009877685,0.98918472
3/28/2016,1.097684853,1.371150206,1.008458131,0.989724078
3/29/2016,1.118840062,1.399792307,1.025346916,0.99845013
3/30/2016,1.118707975,1.407262706,1.030142946,1.002793703
3/31/2016,1.124335179,1.398006428,1.030261432,1.000748246
4/1/2016,1.133452194,1.413285873,1.039715998,1.007083898
4/4/2016,1.126574165,1.399636833,1.034905093,1.003852848
4/5/2016,1.120069443,1.387535908,1.024777834,0.99366927
4/6/2016,1.151600584,1.408576166,1.041023471,1.004110369
4/7/2016,1.136895198,1.393243425,1.025717145,0.992085357
4/8/2016,1.142518249,1.387195866,1.026207925,0.994849881
4/11/2016,1.137171031,1.382322446,1.022550059,0.992124205
4/12/2016,1.134229795,1.400921565,1.03073527,1.001710242
4/13/2016,1.160472285,1.418827614,1.046672039,1.01176755
4/14/2016,1.157611817,1.425212216,1.046348399,1.011942512
4/15/2016,1.15602288,1.426272478,1.044725757,1.010946473
4/18/2016,1.177784658,1.433146903,1.049337705,1.017559099
4/19/2016,1.170927686,1.414147419,1.045172118,1.020697745
4/20/2016,1.176375036,1.419151923,1.046822238,1.021475052
4/21/2016,1.167683846,1.421139571,1.046348399,1.016169483
4/22/2016,1.167829356,1.382380908,1.037957929,1.016218117
4/25/2016,1.161924667,1.385582366,1.035749264,1.014376683
4/26/2016,1.167794396,1.36477427,1.034160401,1.016276358
4/27/2016,1.176822742,1.344681777,1.028841878,1.017952557
4/28/2016,1.16734899,1.348699703,1.016603159,1.008556072
4/29/2016,1.152832659,1.395365092,1.010271156,1.003449664
5/2/2016,1.155127563,1.422698055,1.019205296,1.011286552
5/3/2016,1.141738589,1.406693532,1.007702902,1.002511984
5/4/2016,1.132920907,1.408355846,0.999752492,0.996560182
5/5/2016,1.137321349,1.399977609,0.997943599,0.996321996
5/6/2016,1.139828145,1.422440855,1.001978099,0.999484958
5/9/2016,1.148121091,1.427450204,1.004950464,1.000238067
5/10/2016,1.164992974,1.458085148,1.017574183,1.012724683
5/11/2016,1.155921134,1.457495278,1.0071676,1.003041497
5/12/2016,1.155512601,1.459671129,1.002225607,1.002871517
5/13/2016,1.153851355,1.450195226,0.99806849,0.994368882
5/16/2016,1.155842682,1.454410436,1.010292333,1.004110369
5/17/2016,1.148673009,1.431413798,0.997655908,0.994660387
5/18/2016,1.148467298,1.436379848,1.002604306,0.994864471
5/19/2016,1.12858954,1.430789153,0.996978877,0.991176799
5/20/2016,1.135086162,1.443675763,1.009044154,0.997143192
5/23/2016,1.145530148,1.434693835,1.008244403,0.99506369
5/24/2016,1.174095532,1.457500817,1.028401818,1.008677538
5/25/2016,1.163371514,1.467725032,1.035558881,1.015712802
5/26/2016,1.160217055,1.479196927,1.037014384,1.015499051
5/27/2016,1.167300114,1.481601354,1.043727152,1.019852351
5/31/2016,1.163477634,1.489730096,1.046805296,1.018827131
6/1/2016,1.175928474,1.483739438,1.047693886,1.019983543
6/2/2016,1.184628156,1.488692507,1.051736753,1.022864668
6/3/2016,1.169824287,1.48001137,1.04563542,1.019886276
6/6/2016,1.17506664,1.480243826,1.051176142,1.024880946
6/7/2016,1.170102385,1.475033102,1.049703698,1.026202474
6/8/2016,1.165000522,1.484015324,1.052430725,1.02959876
6/9/2016,1.159573871,1.485803014,1.049041543,1.027830158
6/10/2016,1.141948455,1.464763689,1.035486881,1.01839963
6/13/2016,1.131697482,1.453747339,1.025731917,1.010135122
6/14/2016,1.142869591,1.45991329,1.024697363,1.008318005
6/15/2016,1.1395462,1.454803017,1.022873802,1.006461981
6/16/2016,1.141429418,1.453601917,1.024987224,1.009615217
6/17/2016,1.136367612,1.427487235,1.0155559,1.006325925
6/20/2016,1.148724866,1.435507292,1.023356111,1.012170853
6/21/2016,1.142829519,1.440033839,1.024741783,1.014915923
6/22/2016,1.133470694,1.434121832,1.022533117,1.013239724
6/23/2016,1.159851772,1.451035372,1.038763982,1.02678074
6/24/2016,1.103105666,1.404328352,0.996016324,0.989898981
6/27/2016,1.075085234,1.383044734,0.971995888,0.971985272
6/28/2016,1.103595311,1.416365604,0.992608135,0.989257611
6/29/2016,1.131026229,1.431553711,1.01109415,1.006107312
6/30/2016,1.161704453,1.440324341,1.024511216,1.019755202
7/1/2016,1.162500453,1.456211937,1.028721223,1.0217423
7/5/2016,1.163803136,1.456082271,1.020328687,1.014745942
7/6/2016,1.164569327,1.470943563,1.027999876,1.02017784
7/7/2016,1.170427231,1.467330184,1.031733875,1.019288676
7/8/2016,1.195319029,1.486370633,1.048647969,1.034836242
7/11/2016,1.210001828,1.499006887,1.055392553,1.038363601
7/12/2016,1.224676209,1.498119837,1.06262358,1.045641796
7/13/2016,1.227543039,1.488038626,1.059008066,1.045782714
7/14/2016,1.239110508,1.492970366,1.065001554,1.051282699
7/15/2016,1.226296244,1.486408176,1.064055839,1.050306113
7/18/2016,1.224910671,1.501974894,1.069596561,1.052808252
7/19/2016,1.229953967,1.503336023,1.065490268,1.051297289
7/20/2016,1.242017782,1.51512778,1.07682139,1.055786644
7/21/2016,1.232742053,1.507807381,1.073430038,1.051972584
7/22/2016,1.2116415,1.510597483,1.078985636,1.05676323
7/25/2016,1.21622556,1.505536357,1.078450333,1.053580814
7/26/2016,1.217071667,1.501489466,1.081077882,1.053920894
7/27/2016,1.207124348,1.516592489,1.087373936,1.052657725
7/28/2016,1.207201484,1.538270644,1.090583272,1.054348513
7/29/2016,1.190172924,1.552932754,1.0920959,1.056068482
8/1/2016,1.184146343,1.567507346,1.096765076,1.054727499
8/2/2016,1.164033966,1.555079548,1.086933877,1.048017724
8/3/2016,1.180494567,1.550982184,1.091590347,1.051302153
8/4/2016,1.192090773,1.560895798,1.092967548,1.05152563
8/5/2016,1.20901316,1.576959776,1.104575824,1.060572427
8/8/2016,1.209555035,1.577583962,1.102887586,1.059610312
8/9/2016,1.217079018,1.5799563,1.105498193,1.060023342
8/10/2016,1.218240815,1.578908589,1.101076627,1.056986708
8/11/2016,1.22478774,1.582261877,1.10611593,1.061991104
8/12/2016,1.220586205,1.583127037,1.10706588,1.06114571
8/15/2016,1.222958023,1.577838166,1.113228574,1.064109394
8/16/2016,1.212896308,1.569460161,1.10584301,1.058279056
8/17/2016,1.214090782,1.574499145,1.106170989,1.060256546
8/18/2016,1.219570791,1.571627003,1.10860175,1.062588704
8/19/2016,1.227352191,1.563787711,1.108227286,1.061058288
8/22/2016,1.229311026,1.563830789,1.10954323,1.06046057
8/23/2016,1.234077194,1.567669869,1.112818161,1.062530344
8/24/2016,1.211513959,1.558249547,1.103850139,1.056962391
8/25/2016,1.215728694,1.561351341,1.102688733,1.055519397
8/26/2016,1.218390845,1.571831261,1.104110353,1.053852925
8/29/2016,1.214545113,1.578865889,1.106947394,1.059362518
8/30/2016,1.214559567,1.571361518,1.104971465,1.057292862
8/31/2016,1.215069008,1.57246243,1.102904528,1.054780878
9/1/2016,1.216126105,1.575487992,1.105864187,1.054737226
9/2/2016,1.221723829,1.580560061,1.110664452,1.059168221
9/6/2016,1.224577677,1.608985565,1.116167159,1.06232632
9/7/2016,1.238284583,1.608975851,1.117863868,1.062170811
9/8/2016,1.241370984,1.601040886,1.112691205,1.059809591
9/9/2016,1.204536021,1.559361143,1.084433284,1.033820867
9/12/2016,1.218683268,1.582232198,1.102623137,1.048994311
9/13/2016,1.212049319,1.565886248,1.090640397,1.033437018
9/14/2016,1.219233422,1.574548829,1.094558477,1.032829691
9/15/2016,1.244827675,1.593899172,1.110620033,1.043270849
9/16/2016,1.23200609,1.60180346,1.109536825,1.039335324
9/19/2016,1.228973738,1.593478011,1.107518542,1.039315989
9/20/2016,1.22379135,1.60082683,1.108855662,1.039626888
9/21/2016,1.249432742,1.613002886,1.120243909,1.050976663
9/22/2016,1.249997581,1.633924443,1.129624409,1.057807785
9/23/2016,1.238614379,1.626966279,1.122480052,1.05173938
9/26/2016,1.238961761,1.612563874,1.112270256,1.042707292
9/27/2016,1.254333926,1.636972717,1.122471581,1.049426675
9/28/2016,1.253106764,1.650197888,1.125187968,1.05498502
9/29/2016,1.242225359,1.641804179,1.114736966,1.045151071
9/30/2016,1.257744533,1.652940207,1.123802297,1.053478802
10/3/2016,1.25520336,1.652766233,1.121447668,1.050043729
10/4/2016,1.256998137,1.651234682,1.119076098,1.044840172
10/5/2016,1.262323279,1.66368059,1.124652769,1.049329527
10/6/2016,1.259765157,1.662387057,1.122712788,1.049834842
10/7/2016,1.243851862,1.660144574,1.119655716,1.046419221
10/10/2016,1.243110179,1.672318982,1.127328972,1.051238929
10/11/2016,1.219978307,1.656880398,1.110006532,1.038154713
10/12/2016,1.226866151,1.662496197,1.108362713,1.03934505
10/13/2016,1.21789493,1.65119792,1.10292777,1.036123846
10/14/2016,1.220175211,1.647449394,1.103103381,1.036332733
10/17/2016,1.220321327,1.63750133,1.100069552,1.03318436
10/18/2016,1.231611805,1.662927313,1.109382391,1.039549193
10/19/2016,1.242425119,1.671369761,1.109926164,1.041827854
10/20/2016,1.23648474,1.663401768,1.108957206,1.040394587
10/21/2016,1.284415989,1.679432542,1.112251146,1.040307046
10/24/2016,1.289776779,1.707128839,1.12334323,1.045248338
10/25/2016,1.274356302,1.699685607,1.117751684,1.041278769
10/26/2016,1.261044462,1.678202936,1.110742753,1.039466516
10/27/2016,1.242413391,1.667605366,1.103486315,1.036361913
10/28/2016,1.243325746,1.634895926,1.098013255,1.03314059
10/31/2016,1.244975505,1.638314611,1.097810166,1.033014261
11/1/2016,1.234696483,1.626573017,1.09028711,1.026003314
11/2/2016,1.233029745,1.59576219,1.080130101,1.019308129
11/3/2016,1.219499119,1.574788794,1.070153041,1.014799321
11/4/2016,1.212810442,1.564780683,1.06760586,1.013108532
11/7/2016,1.230453258,1.608443339,1.092950607,1.035623394
11/8/2016,1.242088961,1.62050216,1.098730469,1.039529739
11/9/2016,1.240621914,1.599951795,1.110911959,1.051044632
11/10/2016,1.221439137,1.54819968,1.101969349,1.053094953
11/11/2016,1.220079262,1.537067773,1.107958602,1.051622778
11/14/2016,1.186973666,1.496716933,1.104000338,1.051501313
11/15/2016,1.20117042,1.536138971,1.116105799,1.059367381
11/16/2016,1.209402463,1.545500331,1.120116953,1.057691183
11/17/2016,1.233903019,1.560569157,1.128450297,1.062637338
11/18/2016,1.252023679,1.556636163,1.125814175,1.060101037
11/21/2016,1.26378365,1.593280908,1.135831522,1.068010875
11/22/2016,1.256079415,1.596904748,1.139531741,1.070323581
11/23/2016,1.253933831,1.586139747,1.138332218,1.071188428
11/25/2016,1.259396042,1.586277775,1.142191003,1.075381474
11/28/2016,1.249733476,1.57736162,1.135820985,1.069730844
11/29/2016,1.246753503,1.576421532,1.138171379,1.071159248
11/30/2016,1.222802678,1.552223389,1.126273345,1.06831703
12/1/2016,1.198830808,1.532235779,1.11092043,1.06456133
12/2/2016,1.206016976,1.534796269,1.111880917,1.064983968
12/5/2016,1.226083888,1.559400431,1.123144377,1.071183565
12/6/2016,1.225406257,1.567278539,1.128245039,1.074837252
12/7/2016,1.242287173,1.582112589,1.141099325,1.088985595
12/8/2016,1.257977442,1.584263238,1.146092142,1.091337088
12/9/2016,1.255635808,1.596441075,1.151833886,1.097818522
12/12/2016,1.247295503,1.58414702,1.145072464,1.096569825
12/13/2016,1.254788923,1.608815047,1.155923342,1.103741145
12/14/2016,1.251419204,1.604268366,1.150177362,1.094781888
12/15/2016,1.252674447,1.601185316,1.154446663,1.099033176
12/16/2016,1.246093038,1.592818423,1.150281075,1.097109184
12/19/2016,1.252242386,1.602089781,1.15457145,1.099276107
12/20/2016,1.257466871,1.607550106,1.160177768,1.103274737
12/21/2016,1.255065578,1.607152771,1.157531212,1.100563592
12/22/2016,1.242178468,1.596429896,1.152451623,1.098513271
12/23/2016,1.246082517,1.591046621,1.155682135,1.099888297
12/27/2016,1.255302748,1.60580206,1.160918225,1.102361256
12/28/2016,1.244236052,1.597945789,1.150577237,1.093149342
12/29/2016,1.245895423,1.589233645,1.149208404,1.092828716
12/30/2016,1.229045767,1.569546523,1.138848409,1.087761214
1/3/2017,1.242695065,1.587724157,1.148571661,1.096992582
1/4/2017,1.264292149,1.596270024,1.158709559,1.103269874
1/5/2017,1.278909841,1.62665669,1.161024004,1.102419616
1/6/2017,1.289748567,1.65357796,1.168030869,1.106296781
1/9/2017,1.304861789,1.659430988,1.170307196,1.102370982
1/10/2017,1.296020784,1.65572213,1.174538379,1.102370982
1/11/2017,1.302288308,1.665324306,1.177041141,1.105490294
1/12/2017,1.305917073,1.676386793,1.173622415,1.103119228
1/13/2017,1.306891818,1.687282316,1.17925621,1.105159822
1/17/2017,1.305413722,1.678941441,1.171769103,1.101880258
1/18/2017,1.309560278,1.67818286,1.175348667,1.103823703
1/19/2017,1.312765515,1.680554333,1.172054728,1.099839663
1/20/2017,1.318819907,1.680745246,1.175281005,1.103541984
1/23/2017,1.311140007,1.69964342,1.17477535,1.100573319
1/24/2017,1.32260714,1.708993625,1.184934425,1.107798135
1/25/2017,1.328869013,1.734146644,1.196650547,1.116689424
1/26/2017,1.315163966,1.737171436,1.196405209,1.115868228
1/27/2017,1.307134638,1.731252071,1.197589858,1.114901368
1/30/2017,1.300580223,1.711856449,1.187631805,1.10820132
1/31/2017,1.298837485,1.700823516,1.187860305,1.107215125
2/1/2017,1.290153069,1.726618839,1.193754315,1.107545478
2/2/2017,1.297086629,1.727301338,1.19238982,1.108177122
2/3/2017,1.305486944,1.705843334,1.198857147,1.11622776
2/6/2017,1.303252575,1.708967134,1.198175881,1.11386654
2/7/2017,1.307407347,1.719982377,1.200433304,1.114119198
2/8/2017,1.315401932,1.733546211,1.202174432,1.114891641
2/9/2017,1.31788104,1.736587977,1.209098759,1.121305107
2/10/2017,1.317858434,1.743672439,1.213107743,1.125303738
2/13/2017,1.328191411,1.754332967,1.21941857,1.131206907
2/14/2017,1.337238244,1.755712427,1.223355657,1.135740032
2/15/2017,1.359759995,1.761418159,1.231155868,1.141409997
2/16/2017,1.361593436,1.765455387,1.230195381,1.140423684
2/17/2017,1.367040158,1.768294244,1.23520514,1.14233795
2/21/2017,1.381811793,1.782087139,1.240995539,1.149246885
2/22/2017,1.382980732,1.788071369,1.239869978,1.14800317
2/23/2017,1.390594829,1.781828427,1.234555587,1.148484168
2/24/2017,1.418285908,1.775603693,1.236628929,1.150199273
2/27/2017,1.404288103,1.781551645,1.240138662,1.151370157
2/28/2017,1.389980879,1.772836805,1.232425223,1.148401491
3/1/2017,1.393430648,1.795332309,1.249051625,1.164104566
3/2/2017,1.394611611,1.784170115,1.239994868,1.157283052
3/3/2017,1.411288655,1.786521297,1.242010981,1.157866181
3/6/2017,1.403306357,1.785072769,1.237447687,1.154071575
3/7/2017,1.405890449,1.786230781,1.23422141,1.150709333
3/8/2017,1.40656864,1.7905906,1.234987176,1.148080865
3/9/2017,1.410746792,1.794935753,1.235253794,1.14899921
3/10/2017,1.417945461,1.799122931,1.240102714,1.152754909
3/13/2017,1.419469662,1.805972548,1.243075079,1.153177547
3/14/2017,1.407976261,1.803024363,1.239063925,1.149280929
3/15/2017,1.416939087,1.809562029,1.248209624,1.158905872
3/16/2017,1.42044025,1.811083541,1.248359822,1.157020668
3/17/2017,1.436217337,1.810641777,1.248410646,1.155499979
3/20/2017,1.441775075,1.816323035,1.248522727,1.153177547
3/21/2017,1.415086312,1.787457328,1.225737867,1.138868951
3/22/2017,1.419847521,1.796892546,1.23162134,1.141021284
3/23/2017,1.42144077,1.789034136,1.23078564,1.139811494
3/24/2017,1.425535614,1.787648339,1.23312343,1.138849498
3/27/2017,1.430230152,1.792975004,1.235583839,1.137688341
3/28/2017,1.441186069,1.811413304,1.242939755,1.145938259
3/29/2017,1.443967945,1.834818292,1.247680726,1.147181974
3/30/2017,1.44467642,1.841355941,1.251232812,1.150549079
3/31/2017,1.435877382,1.847495298,1.250682841,1.147954536
4/3/2017,1.43272429,1.855583755,1.24707363,1.146069451
4/4/2017,1.428636269,1.866684213,1.247904991,1.146710703
4/5/2017,1.424300351,1.864789034,1.240684501,1.143207661
4/6/2017,1.433608648,1.851562587,1.243745808,1.145413491
4/7/2017,1.435868388,1.845226309,1.243504602,1.144466084
4/10/2017,1.43924885,1.856634734,1.244164691,1.145253118
4/11/2017,1.43558004,1.8468317,1.24116898,1.143610964
4/12/2017,1.432637703,1.841062727,1.234693183,1.139311042
4/13/2017,1.438441652,1.828147379,1.228132679,1.131546986
4/17/2017,1.455996816,1.858655814,1.239057624,1.141293395
4/18/2017,1.457998965,1.854779129,1.237509048,1.137979787
4/19/2017,1.465513584,1.850745615,1.240377699,1.136026614
4/20/2017,1.495180104,1.862671434,1.251749004,1.144611867
4/21/2017,1.497018046,1.861001901,1.250424694,1.141137886
4/24/2017,1.501342195,1.884958639,1.265931939,1.153507899
4/25/2017,1.514618142,1.900065733,1.274747697,1.160533556
4/26/2017,1.488451746,1.898218944,1.274692637,1.15996988
4/27/2017,1.535748059,1.912303115,1.279708697,1.160611251
4/28/2017,1.553937286,1.937933757,1.279427307,1.158390831
5/1/2017,1.559780274,1.973513829,1.288733844,1.1603975
5/2/2017,1.608639649,1.977484028,1.289531426,1.161777271
5/3/2017,1.595711008,1.973849844,1.28470358,1.160300233
5/4/2017,1.613867409,1.971400197,1.285293838,1.160975647
5/5/2017,1.642076485,1.968727701,1.290671656,1.165722523
5/8/2017,1.648604531,1.993820534,1.291073701,1.165766174
5/9/2017,1.666288705,1.99738185,1.294866891,1.164570974
5/10/2017,1.699427401,1.992951456,1.296675784,1.16588764
5/11/2017,1.692345497,1.993328605,1.293887397,1.163366047
5/12/2017,1.698387149,2.012269851,1.295002318,1.161646079
5/15/2017,1.715183613,2.010014529,1.301019048,1.167194697
5/16/2017,1.724488285,2.017820902,1.305292584,1.166392954
5/17/2017,1.669324998,1.963020337,1.271732978,1.145190013
5/18/2017,1.686236441,1.99214461,1.281018236,1.149412121
5/19/2017,1.674827677,1.997991652,1.287062547,1.157190767
5/22/2017,1.696142554,2.013263173,1.297623565,1.163162023
5/23/2017,1.707831315,2.017282352,1.298700368,1.165299766
5/24/2017,1.747555502,2.030963226,1.303843383,1.168200345
5/25/2017,1.747544665,2.058503755,1.312779589,1.17338943
5/26/2017,1.752888184,2.060924092,1.313822613,1.173753826
5/30/2017,1.756114466,2.065163788,1.312341699,1.172339894
5/31/2017,1.77545163,2.054251625,1.311353734,1.171800654
6/1/2017,1.801623082,2.057250582,1.32157417,1.180672489
6/2/2017,1.831108569,2.080993599,1.334049756,1.185050105
6/5/2017,1.832001505,2.086234778,1.331908856,1.183607111
6/6/2017,1.83792163,2.074769062,1.327546481,1.180317819
6/7/2017,1.833105713,2.08565085,1.332268444,1.182168861
6/8/2017,1.850442793,2.089978222,1.337426232,1.182484742
6/9/2017,1.777084684,2.018200236,1.313342369,1.181503293
6/12/2017,1.753973155,1.989539304,1.306475167,1.180346881
6/13/2017,1.745916108,2.016401061,1.315976322,1.185672022
6/14/2017,1.73611856,2.007661394,1.310585799,1.184491293
6/15/2017,1.742635453,1.990001863,1.304368046,1.181838509
6/16/2017,1.740972047,2.008655155,1.301461173,1.182173725
6/19/2017,1.777834702,2.035936844,1.319919711,1.192041599
6/20/2017,1.760174438,2.025862294,1.309134429,1.184058929
6/21/2017,1.787398376,2.046021383,1.318849312,1.183369043
6/22/2017,1.793149612,2.042418774,1.319428931,1.182829685
6/23/2017,1.818714916,2.055902013,1.325471073,1.184675982
6/26/2017,1.789332322,2.036304368,1.321641831,1.185050105
6/27/2017,1.739885919,1.993976131,1.300373834,1.175483403
6/28/2017,1.781788248,2.023457124,1.318946621,1.185837139
6/29/2017,1.740362671,1.98891697,1.29989359,1.175638912
6/30/2017,1.753106986,1.979299173,1.299062126,1.177441439
7/3/2017,1.733408072,1.952785767,1.292639218,1.18016231
7/5/2017,1.768173495,1.981023972,1.301270791,1.181877416
7/6/2017,1.738736089,1.966403901,1.288281079,1.170804614
7/7/2017,1.765646979,1.995390805,1.301740498,1.178301423
7/10/2017,1.787641089,2.024016504,1.306671954,1.179394611
7/11/2017,1.795852443,2.0286136,1.31024935,1.178471522
7/12/2017,1.846033176,2.058373839,1.324607895,1.187080973
7/13/2017,1.847714031,2.058276723,1.327415289,1.189306256
7/14/2017,1.843031454,2.069440847,1.335460942,1.194864482
7/17/2017,1.835091465,2.076138283,1.33587559,1.194801259
7/18/2017,1.869194688,2.121264562,1.342196953,1.19551558
7/19/2017,1.861356686,2.13059724,1.350813754,1.201938654
7/20/2017,1.866452573,2.130608807,1.351863079,1.201753965
7/21/2017,1.855638646,2.134441305,1.351387071,1.201311873
7/24/2017,1.884387041,2.155273228,1.356265638,1.200033996
7/25/2017,1.876373093,2.141107041,1.356553329,1.203541901
7/26/2017,1.895339536,2.155226994,1.358791642,1.203882099
7/27/2017,1.880255329,2.144968861,1.35021079,1.202711097
7/28/2017,1.88243796,2.130193123,1.34862203,1.201098123
7/31/2017,1.876213303,2.085982204,1.343003006,1.200223548
8/1/2017,1.959436626,2.097236653,1.346138276,1.203163034
8/2/2017,1.917428442,2.105935664,1.346076915,1.203755771
8/3/2017,1.897449784,2.089590516,1.341357018,1.201127184
8/4/2017,1.901072079,2.097023446,1.343730757,1.203396238
8/7/2017,1.915788726,2.112931445,1.35054507,1.205378472
8/8/2017,1.904599045,2.107589131,1.347729205,1.202468167
8/9/2017,1.901366455,2.099000891,1.343893662,1.202030939
8/10/2017,1.831302766,2.046504377,1.315235865,1.184632212
8/11/2017,1.851897609,2.066424048,1.323632636,1.186143293
8/14/2017,1.887449428,2.093675046,1.341333775,1.198056625
8/15/2017,1.884011303,2.095044326,1.339806273,1.197459025
8/16/2017,1.901790904,2.090641838,1.342366159,1.19915954
8/17/2017,1.87336882,2.052169645,1.316302132,1.180648172
8/18/2017,1.881042965,2.051284263,1.315163865,1.178481249
8/21/2017,1.894730588,2.045943382,1.314444584,1.179851411
8/22/2017,1.936352957,2.076729469,1.332289621,1.191580054
8/23/2017,1.942864969,2.068301898,1.328255225,1.187464822
8/24/2017,1.967798017,2.056660304,1.326757369,1.185001471
8/25/2017,1.948605784,2.044301557,1.32555361,1.186983824
8/28/2017,1.957940201,2.050681211,1.329230483,1.187561971
8/29/2017,1.967485176,2.066775816,1.33322263,1.188562874
8/30/2017,2.010508105,2.091760868,1.347274373,1.194048268
8/31/2017,2.032497197,2.112994059,1.36004199,1.20087939
9/1/2017,2.029521942,2.110510324,1.361453073,1.203260182
9/5/2017,2.023483313,2.088771766,1.348810243,1.194174597
9/6/2017,2.018815832,2.097877934,1.352563352,1.197910843
9/7/2017,2.056265774,2.112162809,1.353528075,1.197697093
9/8/2017,2.049062635,2.083926552,1.345556488,1.195913901
9/11/2017,2.103050197,2.111723965,1.36080352,1.208876769
9/12/2017,2.121042664,2.117130136,1.365462057,1.212943368
9/13/2017,2.105630786,2.128947481,1.366712405,1.213861712
9/14/2017,2.118870312,2.10978506,1.360130828,1.212525593
9/15/2017,2.121709481,2.107797663,1.364232989,1.214765348
9/18/2017,2.144691676,2.090822297,1.365538293,1.21653395
9/19/2017,2.157649971,2.097847948,1.366951442,1.217884541
9/20/2017,2.138535418,2.098758741,1.365834455,1.218657103
9/21/2017,2.143371508,2.087816841,1.358778936,1.214945174
9/22/2017,2.153282421,2.072927055,1.359673827,1.215732208
9/25/2017,2.085380917,2.026515212,1.347756683,1.21303079
9/26/2017,2.074266185,2.036170095,1.34978137,1.21311833
9/27/2017,2.107572938,2.068191742,1.365246262,1.218074093
9/28/2017,2.104279359,2.074801528,1.36528655,1.219541404
9/29/2017,2.110572782,2.090839631,1.37427988,1.224059939
10/2/2017,2.151604875,2.07859549,1.378671902,1.228801952
10/3/2017,2.14109315,2.083402396,1.38184312,1.231454736
10/4/2017,2.05274618,2.086394301,1.382460857,1.232990016
10/5/2017,2.061587255,2.127223457,1.393193249,1.239952448
10/6/2017,2.055423784,2.144367267,1.39421303,1.238621193
10/9/2017,2.059183202,2.145077953,1.392002196,1.236386183
10/10/2017,2.034616818,2.136001278,1.393593125,1.239257581
10/11/2017,2.072362981,2.15390133,1.397041498,1.241492591
10/12/2017,2.090743226,2.157569578,1.394494317,1.2393985
10/13/2017,2.087438081,2.168262822,1.397517506,1.240486825
10/16/2017,2.087707483,2.182055594,1.401367924,1.242658611
10/17/2017,2.069929823,2.18627454,1.401296027,1.243494397
10/18/2017,2.089246536,2.171564338,1.401414513,1.244417486
10/19/2017,2.084982746,2.148817121,1.397363072,1.244825653
10/20/2017,2.155766093,2.148203149,1.402436257,1.25119523
10/23/2017,2.148162698,2.114405377,1.393504287,1.246224877
10/24/2017,2.178178004,2.129466184,1.395958394,1.248241154
10/25/2017,2.175101089,2.121893782,1.388651132,1.242420544
10/26/2017,2.198133263,2.124383508,1.387144806,1.243999593
10/27/2017,2.2271755,2.284393241,1.417712936,1.25404243
10/30/2017,2.240959278,2.301757471,1.417226391,1.250038937
10/31/2017,2.218814307,2.299332104,1.423300247,1.251219547
11/1/2017,2.190727697,2.305995308,1.420943449,1.253211626
11/2/2017,2.210345177,2.291962194,1.420607102,1.253449693
11/3/2017,2.228152532,2.318212107,1.431079281,1.257331722
11/6/2017,2.252221777,2.329430346,1.435733583,1.258930106
11/7/2017,2.243114968,2.332215395,1.431785856,1.258692039
11/8/2017,2.253801076,2.344926715,1.436300599,1.260509156
11/9/2017,2.237447902,2.334520064,1.428034916,1.255767262
11/10/2017,2.261167971,2.325216407,1.428223233,1.25464003
11/13/2017,2.26452054,2.329620374,1.42963225,1.255874137
11/14/2017,2.273601132,2.330659931,1.425458191,1.252973559
11/15/2017,2.256075947,2.312150878,1.418760195,1.246050033
11/16/2017,2.352858403,2.336793058,1.437182784,1.256262731
11/17/2017,2.362809687,2.31947588,1.434961413,1.252963832
11/20/2017,2.39301818,2.315894013,1.436636945,1.254562216
11/21/2017,2.444790578,2.349153761,1.45182055,1.262768483
11/22/2017,2.448990665,2.365477098,1.452852934,1.261821077
11/24/2017,2.474337225,2.398188612,1.457464986,1.264415501
11/27/2017,2.405866873,2.411306443,1.455213968,1.263929639
11/28/2017,2.411013929,2.40685048,1.462373097,1.276377466
11/29/2017,2.268225614,2.334441532,1.443762295,1.275906195
11/30/2017,2.307202835,2.356786653,1.454251415,1.286357079
12/1/2017,2.290150883,2.332189644,1.448670405,1.28375281
12/4/2017,2.177250555,2.288818126,1.43339166,1.282402101
12/5/2017,2.18012364,2.301346396,1.430607508,1.27760671
12/6/2017,2.211329044,2.323860832,1.433605285,1.277460928
12/7/2017,2.253508836,2.345877639,1.441318724,1.281206901
12/8/2017,2.245837958,2.350643058,1.447081646,1.288261618
12/11/2017,2.270931161,2.362427163,1.454486216,1.292386577
12/12/2017,2.257901978,2.351879259,1.451786668,1.294388383
12/13/2017,2.258682677,2.356826509,1.454638481,1.293776193
12/14/2017,2.264746933,2.37119901,1.450561732,1.288509412
12/15/2017,2.302093956,2.389641272,1.467497105,1.300072939
12/18/2017,2.321214054,2.411542785,1.479805552,1.307044979
12/19/2017,2.296159558,2.396928653,1.473266328,1.302822872
12/20/2017,2.275641983,2.383068313,1.472654893,1.301744273
12/21/2017,2.270484163,2.379921448,1.473585733,1.30432909
12/22/2017,2.25898796,2.373141543,1.472443334,1.303731489
12/26/2017,2.268894909,2.367208352,1.467427274,1.3023516
12/27/2017,2.27442473,2.371481782,1.468080959,1.303381683
12/28/2017,2.252874112,2.381261839,1.470370095,1.305772084
12/29/2017,2.233906104,2.35833345,1.460475469,1.299004067
1/2/2018,2.260185402,2.411612853,1.482373909,1.309790167
1/3/2018,2.321996944,2.4440568,1.494777598,1.318171277
1/4/2018,2.349735009,2.45165106,1.497396779,1.32348171
1/5/2018,2.404293208,2.489148701,1.509804703,1.332790772
1/8/2018,2.416347432,2.511737615,1.514211497,1.335006329
1/9/2018,2.412695947,2.513447835,1.515521036,1.336745751
1/10/2018,2.408863578,2.51614995,1.513403275,1.335258986
1/11/2018,2.425345455,2.544018665,1.525718126,1.344650726
1/12/2018,2.437010522,2.567166539,1.53614382,1.353726585
1/16/2018,2.41472016,2.563704741,1.528237829,1.348955392
1/17/2018,2.467898079,2.557541878,1.544017994,1.361655877
1/18/2018,2.476174601,2.56215578,1.543546221,1.35945491
1/19/2018,2.518662172,2.568698825,1.552078419,1.365416439
1/22/2018,2.566164912,2.621249217,1.567236613,1.37643088
1/23/2018,2.564347809,2.692750349,1.578292749,1.379423744
1/24/2018,2.560581379,2.688622036,1.568723932,1.3786513
1/25/2018,2.604313165,2.719813201,1.567898871,1.379482104
1/26/2018,2.655370819,2.757370438,1.587914455,1.395816823
1/29/2018,2.622377225,2.774606141,1.579608589,1.38642022
1/30/2018,2.596577788,2.784830458,1.566062501,1.371309882
1/31/2018,2.647330549,2.790852202,1.567966533,1.371980432
2/1/2018,2.534858099,2.733854122,1.562546362,1.371091268
2/2/2018,2.489949028,2.744774845,1.531889394,1.342012413
2/5/2018,2.38824991,2.644951975,1.4740448,1.287017785
2/6/2018,2.434066239,2.736918008,1.505429623,1.30946456
2/7/2018,2.441789094,2.683696918,1.491911013,1.302915157
2/8/2018,2.332471093,2.558225237,1.433770359,1.254008387
2/9/2018,2.380769466,2.568975378,1.45436143,1.272738369
2/12/2018,2.450532355,2.639642393,1.477097635,1.290447995
2/13/2018,2.455873552,2.666201841,1.483772286,1.293819845
2/14/2018,2.561393307,2.735379365,1.511298324,1.311160211
2/15/2018,2.612617895,2.776870983,1.535164326,1.326984752
2/16/2018,2.618065201,2.757404285,1.53157629,1.32748034
2/20/2018,2.650628829,2.778603944,1.530484612,1.31972601
2/21/2018,2.568639293,2.803201289,1.527082724,1.312472132
2/22/2018,2.598774219,2.80368654,1.525360604,1.313749891
2/23/2018,2.643267439,2.846237687,1.552292148,1.334807168
2/26/2018,2.651941576,2.892109684,1.57007789,1.350500517
2/27/2018,2.652098515,2.861710974,1.550802763,1.333339857
2/28/2018,2.648855268,2.853282144,1.53867189,1.3185454
3/1/2018,2.621814056,2.8129349,1.519113307,1.300976574
3/2/2018,2.634902401,2.839640727,1.535468958,1.307574611
3/5/2018,2.69380889,2.894783616,1.550878895,1.321999809
3/6/2018,2.702057134,2.924936193,1.559616247,1.325488379
3/7/2018,2.733698804,2.936802901,1.564829094,1.324847009
3/8/2018,2.777507473,2.942985902,1.571450958,1.330759905
3/9/2018,2.812792615,3.010942527,1.59955868,1.353886957
3/12/2018,2.813639112,3.020491518,1.605378623,1.352162125
3/13/2018,2.776967459,2.98746761,1.589022972,1.343557538
3/14/2018,2.83949384,3.004385193,1.586018893,1.335866313
3/15/2018,2.842985976,2.993737506,1.582830734,1.334821758
3/16/2018,2.838618656,2.975292943,1.582883624,1.337095557
3/19/2018,2.799395293,2.906047289,1.553741348,1.31810319
3/20/2018,2.894543871,2.952608135,1.557985134,1.320056363
3/21/2018,2.859984738,2.942695358,1.553963444,1.317622192
3/22/2018,2.780770314,2.866164752,1.51617689,1.284467012
3/23/2018,2.689341372,2.782727574,1.479363426,1.257535745
3/26/2018,2.717376157,2.896531406,1.527571438,1.291686965
3/27/2018,2.606153379,2.773450204,1.48277802,1.269371382
3/28/2018,2.508753588,2.675972229,1.470173308,1.265669061
3/29/2018,2.560289053,2.725662184,1.494337642,1.283096968
4/2/2018,2.530237442,2.616811027,1.453436891,1.254435888
4/3/2018,2.511088513,2.648657774,1.468491371,1.270260428
4/4/2018,2.529113841,2.682338027,1.489822899,1.284952873
4/5/2018,2.550637188,2.743039883,1.497108984,1.29377133
4/6/2018,2.469519135,2.669969129,1.462954884,1.26541154
4/9/2018,2.495419737,2.677763431,1.47040811,1.269633648
4/10/2018,2.56249796,2.740948908,1.500864159,1.290870751
4/11/2018,2.534602648,2.736355426,1.495518055,1.28373822
4/12/2018,2.575344051,2.770057286,1.510585344,1.294330023
4/13/2018,2.53104527,2.754611241,1.503476936,1.290593777
4/16/2018,2.536299757,2.764912913,1.513976592,1.301059251
4/17/2018,2.645368721,2.894660655,1.540383474,1.314930501
4/18/2018,2.680807073,2.915230885,1.543374949,1.316023689
4/19/2018,2.657741646,2.948698714,1.531277959,1.308487973
4/20/2018,2.653147625,2.896326112,1.511829287,1.297318023
4/23/2018,2.616092421,2.868960523,1.508120701,1.297390974
4/24/2018,2.541873859,2.76106041,1.482469152,1.280031154
4/25/2018,2.496757262,2.760130949,1.481705452,1.282382647
4/26/2018,2.582802614,2.865596777,1.50602205,1.295763291
4/27/2018,2.588972318,2.922690853,1.506258918,1.297206285
4/30/2018,2.637027741,2.91163682,1.494934201,1.28658542
5/1/2018,2.614604688,2.941800457,1.508564996,1.289864985
5/2/2018,2.57177868,2.932003934,1.50226047,1.280570394
5/3/2018,2.66002551,2.929558817,1.499563091,1.277684405
5/4/2018,2.674552079,2.967507689,1.525261229,1.294053049
5/7/2018,2.717971778,3.003316195,1.53702177,1.298527814
5/8/2018,2.781783517,2.99724317,1.537379292,1.298182871
5/9/2018,2.824409279,3.034015679,1.552825281,1.310752164
5/10/2018,2.86158887,3.044972889,1.566589333,1.323034755
5/11/2018,2.85148215,3.035346271,1.566147104,1.325293963
5/14/2018,2.826064457,3.036255366,1.567932651,1.326464847
5/15/2018,2.814563226,2.993335782,1.555304696,1.317388988
5/16/2018,2.835353279,3.009493116,1.565178146,1.322738327
5/17/2018,2.850027309,2.997896319,1.561829251,1.321606232
5/18/2018,2.873189314,2.982540102,1.555878013,1.318127507
5/21/2018,2.877933518,3.013505247,1.564276954,1.327864189
5/22/2018,2.808889066,3.004577204,1.560980845,1.323700324
5/23/2018,2.842784566,3.055403481,1.571029906,1.328000245
5/24/2018,2.871201668,3.061869044,1.570706266,1.325313417
5/25/2018,2.868266608,3.070920178,1.572699137,1.322189361
5/29/2018,2.870595764,3.068635199,1.564816388,1.306899316
5/30/2018,2.91909217,3.092518785,1.578749749,1.323491436
5/31/2018,2.940432183,3.104922551,1.574448735,1.314386398
6/1/2018,2.991236691,3.145910561,1.598187781,1.328646479
6/4/2018,3.072100041,3.180817365,1.609216335,1.334598281
6/5/2018,3.109868481,3.222990278,1.615859273,1.335535961
6/6/2018,3.161507262,3.222327001,1.626729261,1.346978021
6/7/2018,3.086303542,3.197528751,1.615269014,1.346016025
6/8/2018,3.118768934,3.189284995,1.61747768,1.350223543
6/11/2018,3.093092431,3.201977972,1.62052845,1.351666537
6/12/2018,3.164165935,3.221070404,1.629807406,1.354023012
6/13/2018,3.158942645,3.250943908,1.628095925,1.348571542
6/14/2018,3.19712017,3.304424981,1.641919168,1.351904604
6/15/2018,3.205042528,3.291401771,1.638817678,1.350529578
6/18/2018,3.259736787,3.306733224,1.63895517,1.34765818
6/19/2018,3.230332869,3.339585757,1.634419354,1.342236009
6/20/2018,3.27820793,3.384898085,1.646249726,1.344534124
6/21/2018,3.206658401,3.355808926,1.631745321,1.336002369
6/22/2018,3.162922097,3.331268413,1.627486556,1.338489917
6/25/2018,3.015286953,3.209167767,1.593465714,1.320119586
6/26/2018,3.036759976,3.269933781,1.599732121,1.323029892
6/27/2018,2.913398887,3.211351509,1.575074942,1.311646073
6/28/2018,2.970455082,3.270341311,1.58747233,1.319750327
6/29/2018,2.978465625,3.25895819,1.588872773,1.32075123
7/2/2018,3.052654689,3.310907341,1.601014182,1.324803239
7/3/2018,3.035362394,3.260858017,1.587258601,1.318248972
7/5/2018,3.090228094,3.295091001,1.604978851,1.329613338
7/6/2018,3.162487765,3.336959418,1.626549415,1.340890163
7/9/2018,3.176393059,3.394964001,1.640895255,1.352720818
7/10/2018,3.162260076,3.391521765,1.641529932,1.357419179
7/11/2018,3.190183744,3.408407992,1.632519557,1.347789372
7/12/2018,3.29359678,3.462474241,1.655221984,1.359581239
7/13/2018,3.270856461,3.454519582,1.655657808,1.36104855
7/16/2018,3.26209672,3.471921042,1.651371669,1.359649207
7/17/2018,3.316749865,3.472575082,1.661822671,1.365052043
7/18/2018,3.330588138,3.462791836,1.661678774,1.368001255
7/19/2018,3.352674924,3.407130069,1.655513911,1.362593556
7/20/2018,3.353770793,3.40570532,1.654435041,1.361301207
7/23/2018,3.396614428,3.400910583,1.659019512,1.363803346
7/24/2018,3.344231301,3.443886871,1.658786776,1.370323569
7/25/2018,3.429772097,3.502078632,1.678138139,1.382795713
7/26/2018,3.379855399,3.383050447,1.6612007,1.378602667
7/27/2018,3.24167291,3.370765305,1.636922116,1.369555988
7/30/2018,3.059234931,3.285815307,1.614196447,1.36167533
7/31/2018,2.984543772,3.287962572,1.623037512,1.368326745
8/1/2018,3.012949088,3.321260061,1.630547863,1.366903204
8/2/2018,3.169696621,3.385853377,1.650730587,1.373637177
8/3/2018,3.091841662,3.371778566,1.652702281,1.380016599
8/6/2018,3.13371514,3.421326313,1.662787393,1.384899412
8/7/2018,3.141391826,3.441534414,1.667860578,1.38881062
8/8/2018,3.14845632,3.467708199,1.668848543,1.388446224
8/9/2018,3.162329137,3.484923409,1.66957836,1.386444537
8/10/2018,3.193525159,3.458907879,1.658435555,1.376581526
8/13/2018,3.17397971,3.465386283,1.654331328,1.371066951
8/14/2018,3.229525871,3.493275754,1.665158963,1.379827047
8/15/2018,3.134485785,3.424906181,1.644686379,1.369337374
8/16/2018,3.147569482,3.421491521,1.651540875,1.380181716
8/17/2018,3.13624047,3.411742433,1.653616283,1.38476822
8/20/2018,3.150284586,3.416529529,1.654606313,1.388130462
8/21/2018,3.155144808,3.43606168,1.662679444,1.39100186
8/22/2018,3.206872281,3.473434284,1.669011447,1.39044803
8/23/2018,3.223717187,3.46344238,1.666760429,1.388096418
8/24/2018,3.288635867,3.498531755,1.681044908,1.396701006
8/27/2018,3.302956854,3.54320254,1.696260227,1.407414274
8/28/2018,3.357935394,3.553167297,1.698828584,1.40779326
8/29/2018,3.451861142,3.641368572,1.715679251,1.415819701
8/30/2018,3.477482277,3.651642009,1.711166678,1.409547154
8/31/2018,3.501764969,3.65710307,1.715647538,1.409736706
9/4/2018,3.555485059,3.679965807,1.711778112,1.407404547
9/5/2018,3.419297927,3.587121598,1.691451491,1.403459414
9/6/2018,3.413096728,3.537244084,1.676126157,1.398333552
9/7/2018,3.471310315,3.529149121,1.67185479,1.395238558
9/10/2018,3.488409766,3.509442005,1.676428724,1.397886479
9/11/2018,3.582024189,3.590744743,1.68664916,1.403114353
9/12/2018,3.591178568,3.606534226,1.682790271,1.403614804
9/13/2018,3.605859795,3.611250388,1.695373806,1.411029055
9/14/2018,3.608166496,3.578005715,1.694597401,1.411417768
9/17/2018,3.516445738,3.468254651,1.670426766,1.403556563
9/18/2018,3.602048578,3.536087036,1.683187978,1.411092278
9/19/2018,3.546814816,3.519843996,1.681903851,1.412860762
9/20/2018,3.600210882,3.546824006,1.69844565,1.423938427
9/21/2018,3.543270472,3.495314581,1.689714599,1.423413658
9/24/2018,3.548780201,3.537950568,1.691045314,1.41840938
9/25/2018,3.701017252,3.592321689,1.694053731,1.41655822
9/26/2018,3.69262123,3.603373426,1.690436048,1.411898766
9/27/2018,3.759640349,3.66441896,1.701352522,1.415800247
9/28/2018,3.780943769,3.640623705,1.702279126,1.415790521
10/1/2018,3.83670064,3.64984667,1.700364454,1.420945563
10/2/2018,3.800482534,3.603595695,1.692378095,1.420381888
10/3/2018,3.811520426,3.585429764,1.697781325,1.421392517
10/4/2018,3.666437449,3.498449941,1.666982525,1.409780476
10/5/2018,3.630460539,3.44897605,1.647718038,1.40198724
10/8/2018,3.417019711,3.411959926,1.636611182,1.401433291
10/9/2018,3.419714119,3.430886823,1.637049072,1.399446194
10/10/2018,3.138912049,3.218087907,1.570202676,1.353454474
10/11/2018,2.978913316,3.165898354,1.550529843,1.325609844
10/12/2018,3.148333318,3.293243747,1.586035835,1.34444172
10/15/2018,3.129618071,3.23983324,1.572041216,1.33650282
10/16/2018,3.314344796,3.34623173,1.617473548,1.36523175
10/17/2018,3.255029516,3.384756302,1.616883289,1.364886808
10/18/2018,3.157415904,3.268811357,1.583550014,1.345243463
10/19/2018,3.14170165,3.247037789,1.575910539,1.344757601
10/22/2018,3.218534024,3.277145137,1.580057119,1.338975779
10/23/2018,3.186716753,3.260321853,1.573479777,1.331595572
10/24/2018,3.00078498,3.064626068,1.503847164,1.290496628
10/25/2018,3.126346566,3.242334163,1.548261883,1.31453218
10/26/2018,3.033213712,3.043230125,1.516288971,1.291754934
10/29/2018,2.926212905,2.881577997,1.49155349,1.283281539
10/30/2018,2.958463518,2.882409051,1.51511269,1.303386428
10/31/2018,3.128454535,3.004352973,1.5456301,1.317529907
11/1/2018,3.225276651,3.10679294,1.572743556,1.331440182
11/2/2018,3.237104188,3.067771593,1.556438728,1.323029892
11/5/2018,3.166659418,3.017179434,1.550485424,1.330439279
11/6/2018,3.208382003,3.036578872,1.560451947,1.338766892
11/7/2018,3.387977895,3.214319025,1.601661566,1.367160606
11/8/2018,3.292892708,3.195469123,1.593226677,1.363730514
11/9/2018,3.185054158,3.113281575,1.566997576,1.351185539
11/12/2018,3.055772805,2.985493864,1.523410086,1.324565171
11/13/2018,3.103032417,2.976170323,1.523410086,1.322602272
11/14/2018,3.092902287,2.923383416,1.509768755,1.312593597
11/15/2018,3.226677529,2.963529372,1.535714297,1.32649889
11/16/2018,3.171520949,2.926254692,1.533353367,1.329448102
11/19/2018,2.88540422,2.782061413,1.486939372,1.307321953
11/20/2018,2.843521209,2.747764407,1.461624169,1.283592438
11/21/2018,2.864520875,2.772509333,1.475043404,1.287498783
11/23/2018,2.877212165,2.739335604,1.468004827,1.279059431
11/26/2018,3.019332193,2.853614109,1.49823031,1.298926253
11/27/2018,3.011397635,2.857499702,1.498410156,1.303162951
11/28/2018,3.160375026,3.018323762,1.542602676,1.33310179
11/29/2018,3.140753097,3.02089476,1.538686765,1.330191485
11/30/2018,3.188034375,3.040873573,1.550842947,1.341060144
12/3/2018,3.26097353,3.161137483,1.574319609,1.355733254
12/4/2018,3.052414931,2.984948701,1.514431527,1.311855079
12/6/2018,3.144120541,3.0385817,1.52074225,1.309858136
12/7/2018,2.971563939,2.911614925,1.474408727,1.279312089
12/10/2018,3.062919961,2.936871365,1.485255369,1.281566433
12/11/2018,3.064563318,2.937364617,1.487648116,1.281109752
12/12/2018,3.143834171,2.980377633,1.501712565,1.288052731
12/13/2018,3.150140876,2.975999605,1.495793144,1.28779521
12/14/2018,2.975645139,2.869824884,1.462013508,1.263215437
12/17/2018,2.83957328,2.76367454,1.428813491,1.236974056
12/18/2018,2.898656454,2.820042438,1.435198384,1.237080931
12/19/2018,2.860821034,2.730925529,1.404082245,1.218035186
12/20/2018,2.760892781,2.67346893,1.381145016,1.198824206
12/21/2018,2.632411879,2.532506831,1.339802141,1.174142539
12/24/2018,2.573819506,2.471596462,1.310168982,1.142308888
12/26/2018,2.781707743,2.688153061,1.386634915,1.198960261
12/27/2018,2.830879143,2.680231676,1.391951475,1.209226575
12/28/2018,2.821142708,2.697712739,1.393015572,1.207725221
12/31/2018,2.834253916,2.754669398,1.403754266,1.217981808
1/2/2019,2.847117958,2.808251892,1.410240703,1.219526814
1/3/2019,2.693972642,2.746275719,1.367412678,1.189335318
1/4/2019,2.868018164,2.902680034,1.425667581,1.230171996
1/7/2019,2.947706574,2.999536027,1.443567677,1.238796036
1/8/2019,3.009631784,3.047302754,1.459123577,1.250806517
1/9/2019,3.072429439,3.050912391,1.471834068,1.255932379
1/10/2019,3.090579612,3.052657809,1.477967115,1.261607207
1/11/2019,3.100474555,3.049049336,1.4748805,1.261422637
1/14/2019,3.081914879,3.008999483,1.461010668,1.254790676
1/15/2019,3.147408995,3.130243039,1.485955643,1.268244151
1/16/2019,3.160749178,3.136589704,1.488253146,1.271062171
1/17/2019,3.193037256,3.154567891,1.49878245,1.280711313
1/18/2019,3.249766654,3.138791818,1.514177615,1.297594998
1/22/2019,3.164891908,3.024331148,1.485221487,1.279224548
1/23/2019,3.186095994,3.028771477,1.486366055,1.282042568
1/24/2019,3.272371331,3.056165174,1.496455299,1.283806307
1/25/2019,3.375004497,3.100962334,1.515791787,1.294704146
1/28/2019,3.307337381,3.048125876,1.499040598,1.284544826
1/29/2019,3.176816599,2.975760613,1.486899188,1.282674212
1/30/2019,3.27546853,3.106131151,1.51964644,1.302618848
1/31/2019,3.284059857,3.187397773,1.540518901,1.313817978
2/1/2019,3.301861265,3.069698496,1.536738313,1.314998588
2/4/2019,3.35772592,3.108336103,1.554439452,1.323909329
2/5/2019,3.376653569,3.15320963,1.565977898,1.330142851
2/6/2019,3.381252092,3.11568971,1.56030805,1.327184031
2/7/2019,3.34168501,3.061903576,1.541917278,1.314765384
2/8/2019,3.406861856,3.035322982,1.544001156,1.31565443
2/11/2019,3.405251085,3.033408368,1.546053218,1.316587364
2/12/2019,3.459966598,3.120276969,1.568630858,1.333558471
2/13/2019,3.440418458,3.107765502,1.569849389,1.337591145
2/14/2019,3.476836408,3.099229203,1.571239399,1.334044333
2/15/2019,3.498043885,3.074029099,1.58085687,1.348557071
2/19/2019,3.535185914,3.107392355,1.583894831,1.350578212
2/20/2019,3.512762813,3.096834797,1.584381376,1.352978339
2/21/2019,3.487658081,3.081210807,1.578170028,1.348207146
2/22/2019,3.57890165,3.112212513,1.592520103,1.35685064
2/25/2019,3.611555798,3.118437844,1.598215259,1.358522094
2/26/2019,3.605831222,3.125407054,1.59712358,1.357448241
2/27/2019,3.661178812,3.126779422,1.598225795,1.356709722
2/28/2019,3.686015453,3.116393453,1.593575729,1.352876327
3/1/2019,3.667753859,3.161460286,1.606865942,1.362204843
3/4/2019,3.576449981,3.188637204,1.603104362,1.356918727
3/5/2019,3.592835243,3.197088434,1.602848384,1.355383329
3/6/2019,3.581387261,3.176842131,1.587946169,1.346540675
3/7/2019,3.564960464,3.105352874,1.57007789,1.335599066
3/8/2019,3.585262463,3.094910965,1.567259959,1.332751984
3/11/2019,3.697824725,3.184443841,1.598976892,1.35229818
3/12/2019,3.727513019,3.189646869,1.60595194,1.356291947
3/13/2019,3.784239096,3.220326228,1.617033488,1.365717612
3/14/2019,3.803561171,3.206533978,1.614388998,1.364532138
3/15/2019,3.792455843,3.239051159,1.626578959,1.371334199
3/18/2019,3.767486766,3.275004227,1.632068961,1.37641629
3/19/2019,3.756960232,3.296262351,1.634072472,1.376236583
3/20/2019,3.742634127,3.37651609,1.635134503,1.372184456
3/21/2019,3.827313237,3.4140872,1.658403842,1.387076062
3/22/2019,3.7034631,3.309937658,1.616876885,1.360756985
3/25/2019,3.722219571,3.326189058,1.615791611,1.359615282
3/26/2019,3.75256106,3.326183915,1.627211571,1.369381026
3/27/2019,3.709031457,3.290034162,1.617027083,1.363021176
3/28/2019,3.763451316,3.300158533,1.622483203,1.367913715
3/29/2019,3.799645063,3.315166062,1.635208466,1.377125629
4/1/2019,3.859076461,3.394242815,1.656277714,1.393057045
4/2/2019,3.821124172,3.402828401,1.660462308,1.393081362
4/3/2019,3.864632216,3.415930464,1.670375942,1.396074225
4/4/2019,3.743914761,3.415613049,1.66957836,1.398984531
4/5/2019,3.775112422,3.433409358,1.679502633,1.405470828
4/8/2019,3.802573149,3.443602747,1.682716205,1.406943003
4/9/2019,3.826717705,3.431199793,1.673280645,1.398406384
4/10/2019,3.854171152,3.446595004,1.684908032,1.403269862
4/11/2019,3.891499673,3.447295389,1.681336835,1.403323359
4/12/2019,3.939346282,3.426936263,1.689122274,1.412598378
4/15/2019,3.952105347,3.427652987,1.687397984,1.411709332
4/16/2019,3.916915645,3.466303327,1.692521993,1.412428397
4/17/2019,3.926347392,3.466777352,1.691644043,1.409216801
4/18/2019,3.945686719,3.470911548,1.692062926,1.411442084
4/22/2019,3.998476453,3.534227653,1.695703851,1.412870489
4/23/2019,4.004033848,3.594546747,1.71803388,1.425361967
4/24/2019,3.965069298,3.55225651,1.71405444,1.422237911
4/25/2019,3.988345448,3.555768708,1.717581218,1.421713143
4/26/2019,3.992949451,3.625401466,1.72344558,1.428374285
4/29/2019,4.037976146,3.613434191,1.72671421,1.429904819
4/30/2019,4.197622325,3.569219232,1.712653996,1.431265255
5/1/2019,4.198308412,3.564156799,1.702975164,1.42052767
5/2/2019,4.236391186,3.548457301,1.700252373,1.417510489
5/3/2019,4.344206578,3.644675854,1.727169042,1.431172851
5/6/2019,4.366719883,3.616987186,1.718556476,1.424774094
5/7/2019,4.263963098,3.556355174,1.684806385,1.401248721
5/8/2019,4.280191854,3.54158883,1.680482128,1.398999121
5/9/2019,4.26303147,3.513267053,1.6735578,1.39477215
5/10/2019,4.251746825,3.496609079,1.674901222,1.399961117
5/13/2019,4.11018746,3.367585023,1.617797188,1.366179275
5/14/2019,4.172455139,3.388649176,1.636302314,1.377130492
5/15/2019,4.311336089,3.458385507,1.65484752,1.385171523
5/16/2019,4.484157869,3.515396986,1.67090484,1.397493021
5/17/2019,4.421338806,3.452574292,1.653605643,1.389335389
5/20/2019,4.340345475,3.420603303,1.629509074,1.379958239
5/21/2019,4.411532613,3.433321991,1.647140486,1.391682137
5/22/2019,4.483330895,3.443975537,1.639761223,1.387751476
5/23/2019,4.364836873,3.367594248,1.613832519,1.371217597
5/24/2019,4.44166067,3.379354027,1.615679427,1.37307362
5/28/2019,4.520944671,3.401045455,1.609404652,1.361573199
5/29/2019,4.38370804,3.363576021,1.596702631,1.352162125
5/30/2019,4.447897938,3.365244985,1.601020587,1.354999598
5/31/2019,4.402432738,3.288944564,1.576782187,1.337119874
6/3/2019,4.250208709,3.143802649,1.551367609,1.333422416
6/4/2019,4.395857968,3.226837998,1.592431264,1.362000819
6/5/2019,4.62784472,3.242149352,1.602662237,1.373117272
6/6/2019,4.688703042,3.266788312,1.611139375,1.381542152
6/7/2019,4.818240392,3.348015314,1.63791225,1.396045164
6/10/2019,4.857672887,3.413680568,1.655063314,1.402550796
6/11/2019,4.845937495,3.420743917,1.654936358,1.402060072
6/12/2019,4.885267858,3.397902457,1.6486214,1.399203263
6/13/2019,4.868703639,3.418814568,1.658016672,1.404936333
6/14/2019,4.845931932,3.415285727,1.64945493,1.402672262
6/17/2019,4.863149294,3.462391284,1.659685903,1.4039792
6/18/2019,4.834188812,3.495415899,1.682716205,1.417622228
6/19/2019,5.108250579,3.51284122,1.689790731,1.421854062
6/20/2019,5.145423811,3.532115304,1.703334753,1.435322127
6/21/2019,5.105047581,3.532146194,1.699181871,1.433514737
6/24/2019,4.937881922,3.538772652,1.693679267,1.431032051
6/25/2019,4.602283934,3.466062157,1.668084843,1.417442402
6/26/2019,4.651845847,3.494572614,1.673426712,1.415693372
6/27/2019,4.787515211,3.516148949,1.685652621,1.421105816
6/28/2019,4.792721001,3.501876091,1.693793517,1.429287766
7/1/2019,4.873107996,3.564936623,1.711759105,1.440253692
7/2/2019,4.967119078,3.586843415,1.715552295,1.444470936
7/3/2019,4.996976418,3.607460448,1.728487051,1.455553464
7/5/2019,4.996294661,3.611220539,1.726701504,1.452924878
7/8/2019,5.071632168,3.611813557,1.713286505,1.44589934
7/9/2019,5.122784233,3.670736641,1.722457615,1.447687277
7/10/2019,5.099359305,3.718015919,1.735320474,1.454217345
7/11/2019,5.067771452,3.692287344,1.733947406,1.457540561
7/12/2019,5.044728676,3.701422978,1.744123319,1.464274653
7/15/2019,5.20026794,3.705674597,1.747095891,1.464532174
7/16/2019,5.105503734,3.690177122,1.73960868,1.459547231
7/17/2019,5.186130984,3.657443336,1.731656204,1.450014572
7/18/2019,5.262924664,3.589976139,1.73631691,1.455208521
7/19/2019,5.217383124,3.552409181,1.72346469,1.446220085
7/22/2019,5.273977394,3.58458535,1.735660952,1.450311
7/23/2019,5.233618653,3.595113882,1.745659396,1.460241979
7/24/2019,5.243510755,3.617233281,1.760489611,1.46708781
7/25/2019,5.264872933,3.584557509,1.74293867,1.459367405
7/26/2019,5.320695576,3.579725389,1.762332283,1.470148761
7/29/2019,5.10265973,3.531284075,1.754530006,1.467772832
7/30/2019,5.036179264,3.502434614,1.750358117,1.463987952
7/31/2019,5.069769229,3.457434878,1.729585031,1.448051673
8/1/2019,5.341148605,3.430854418,1.715981818,1.435020955
8/2/2019,5.114660403,3.377858902,1.693334347,1.42457007
8/5/2019,4.926545744,3.263017861,1.634514597,1.382149479
8/6/2019,5.072864124,3.305316879,1.657200083,1.400140943
8/7/2019,5.186809485,3.308700397,1.663453784,1.401214677
8/8/2019,5.410962631,3.389959508,1.700758028,1.427504692
8/9/2019,5.56721303,3.341285501,1.68382906,1.418059456
8/12/2019,5.507659148,3.3084978,1.663576505,1.40059276
8/13/2019,5.553500166,3.37677313,1.695934417,1.421786094
8/14/2019,5.317180336,3.259934367,1.644648261,1.380138065
8/15/2019,5.313600779,3.275412885,1.643099685,1.383539095
8/16/2019,5.420258523,3.312938951,1.670469119,1.403498202
8/19/2019,5.471580906,3.362238672,1.693067832,1.420488763
8/20/2019,5.653555601,3.325054414,1.681590747,1.409245981
8/21/2019,5.863672455,3.355655647,1.696748941,1.420867749
8/22/2019,5.839660149,3.328980215,1.690651843,1.420148684
8/23/2019,5.749213241,3.228644658,1.63995801,1.383301028
8/26/2019,5.942986707,3.268403391,1.661530744,1.398493806
8/27/2019,6.100116592,3.253431469,1.655863066,1.394014178
8/28/2019,5.92629183,3.260160379,1.662194966,1.40313867
8/29/2019,5.88952004,3.307394117,1.686843778,1.420940699
8/30/2019,5.800913657,3.290117198,1.684620237,1.421854062
9/3/2019,5.777915081,3.289230552,1.665850766,1.412044548
9/4/2019,5.810480604,3.317972719,1.687582066,1.427354047
9/5/2019,5.909795617,3.386461459,1.717189812,1.445923657
9/6/2019,5.728600741,3.368368084,1.714278705,1.447240322
9/9/2019,5.426192927,3.372650503,1.71097206,1.447104267
9/10/2019,5.12640335,3.35287912,1.710278191,1.447570675
9/11/2019,5.24765812,3.371733393,1.728370735,1.458036149
9/12/2019,5.367860859,3.399358944,1.733615192,1.462234059
9/13/2019,5.133218036,3.395517755,1.729857951,1.461174795
9/16/2019,5.12884915,3.355455274,1.724956141,1.456593155
9/17/2019,5.011731484,3.380519428,1.731827579,1.460353718
9/18/2019,4.972321967,3.37044469,1.730001848,1.46085417
9/19/2019,4.95724795,3.371833826,1.731163254,1.46088335
9/20/2019,4.872337001,3.315779382,1.717367489,1.453731484
9/23/2019,4.798882065,3.299148793,1.716265274,1.453590565
9/24/2019,4.593438915,3.22340757,1.691125682,1.441356607
9/25/2019,4.822559933,3.280171759,1.708843762,1.450233305
9/26/2019,4.823325154,3.238711586,1.698959776,1.446710809
9/27/2019,4.719494383,3.211278178,1.679701487,1.439019585
9/30/2019,4.812543877,3.233702523,1.692333676,1.44628319
10/1/2019,4.824677716,3.229701176,1.673153792,1.42855411
10/2/2019,4.772172397,3.182857826,1.647041007,1.402978416
10/3/2019,4.973088976,3.207773624,1.665448721,1.414162837
10/4/2019,5.006441919,3.247823418,1.688764752,1.434267846
10/7/2019,4.989275321,3.240178278,1.683226095,1.427844772
10/8/2019,4.786063586,3.192597464,1.655192337,1.405626337
10/9/2019,4.836290586,3.219350293,1.672108703,1.418423852
10/10/2019,4.966554762,3.237913508,1.682060351,1.427524027
10/11/2019,5.025505217,3.271590783,1.704540682,1.44313968
10/14/2019,5.214751114,3.278273236,1.702765671,1.441137874
10/15/2019,5.262900878,3.325613929,1.723934294,1.455485377
10/16/2019,4.973116622,3.338638904,1.718744793,1.452575072
10/17/2019,5.061556996,3.362945891,1.725656414,1.456588292
10/18/2019,4.824891798,3.304373476,1.711416355,1.45087942
10/21/2019,4.894949868,3.351573164,1.726955417,1.460849306
10/22/2019,4.616357037,3.307295208,1.714538918,1.455636022
10/23/2019,4.582145706,3.322859861,1.717816019,1.459780435
10/24/2019,4.948072412,3.345873442,1.73178099,1.462583865
10/25/2019,4.886029818,3.337675218,1.743907628,1.468540531
10/28/2019,4.974773031,3.374567637,1.761439561,1.476736952
10/29/2019,4.823348859,3.338077039,1.751043411,1.475507708
10/30/2019,4.904829336,3.366358474,1.756783193,1.480308081
10/31/2019,4.833353145,3.372545816,1.754324851,1.475833316
11/1/2019,4.882944068,3.409026009,1.774219883,1.490093278
11/4/2019,4.761606544,3.439713409,1.784120811,1.495612716
11/5/2019,4.605587243,3.430606279,1.784433811,1.493839369
11/6/2019,4.601755696,3.421526256,1.779345855,1.494888787
11/7/2019,4.53447101,3.424364783,1.784399929,1.498969976
11/8/2019,4.651359277,3.426575251,1.793029435,1.502808353
11/11/2019,4.734360861,3.413026172,1.790696086,1.499859141
11/12/2019,4.740978755,3.422600686,1.795310101,1.502205889
11/13/2019,4.847206966,3.390904345,1.79446593,1.503274761
11/14/2019,4.850528103,3.398903917,1.793814312,1.504533066
11/15/2019,4.866748546,3.405316088,1.806890899,1.516111182
11/18/2019,5.000792509,3.42793003,1.808818278,1.516874018
11/19/2019,4.942067287,3.427103681,1.813201726,1.515975127
11/20/2019,4.956021803,3.409010789,1.803907998,1.510280845
11/21/2019,4.937674811,3.402000212,1.799566696,1.507890444
11/22/2019,4.893322408,3.411068704,1.802458694,1.511170009
11/25/2019,4.933326252,3.461247875,1.826282446,1.522514803
11/26/2019,5.178871378,3.479214483,1.829548804,1.525857591
11/27/2019,5.240649868,3.517406525,1.841660566,1.532227168
11/29/2019,5.183655441,3.492852351,1.83325956,1.526081068
12/2/2019,5.09341358,3.453603404,1.812636879,1.512909431
12/3/2019,5.333486025,3.427283744,1.802619429,1.502866594
12/4/2019,5.61018883,3.428018768,1.812357555,1.512370073
12/5/2019,5.496679327,3.416954112,1.813210197,1.514639008
12/6/2019,5.514897547,3.451137587,1.831368336,1.528476332
12/9/2019,5.576208592,3.436599878,1.824027192,1.523642034
12/10/2019,5.544373087,3.419782062,1.8228318,1.5219707
12/11/2019,5.612255878,3.442632143,1.83084357,1.526396831
12/12/2019,5.595502734,3.45079891,1.844229026,1.539486028
12/13/2019,5.777067522,3.456439419,1.847943915,1.539597767
12/16/2019,5.898606762,3.490892608,1.864731258,1.550602481
12/17/2019,5.817784094,3.524693452,1.866662769,1.551122386
12/18/2019,5.940274669,3.525872154,1.867589373,1.550451836
12/19/2019,5.88845249,3.553013352,1.880172805,1.557365753
12/20/2019,5.84539838,3.549321043,1.888157098,1.565066586
12/23/2019,5.825191986,3.562225238,1.892534348,1.566422158
12/24/2019,5.971750819,3.556229596,1.894063813,1.566116004
12/26/2019,6.102421532,3.660214096,1.908769241,1.574147308
12/27/2019,6.089414787,3.655187004,1.905433052,1.574200805
12/30/2019,5.891159717,3.630516217,1.892606245,1.565100629
12/31/2019,5.907968955,3.63822129,1.898235702,1.56971145
1/2/2020,6.053504483,3.72832468,1.923536236,1.582863752
1/3/2020,6.000650597,3.689354035,1.90842649,1.571688939
1/6/2020,6.133713562,3.749454151,1.919152582,1.577242302
1/7/2020,6.161005582,3.74519897,1.91854125,1.572820916
1/8/2020,6.224406239,3.755946946,1.931374462,1.580531594
1/9/2020,6.398150592,3.785826507,1.947069921,1.591050446
1/10/2020,6.379001333,3.764983862,1.941872053,1.586507713
1/13/2020,6.543179769,3.808348425,1.961984842,1.597575532
1/14/2020,6.552393678,3.768763796,1.957203688,1.595155952
1/15/2020,6.673411607,3.763451723,1.958762904,1.598139208
1/16/2020,6.707449992,3.793711469,1.979586606,1.611510124
1/17/2020,6.756893705,3.800418171,1.986316419,1.617734038
1/21/2020,6.905519997,3.82071052,1.98248067,1.613443843
1/22/2020,6.890624454,3.807179292,1.985222468,1.613910251
1/23/2020,6.953647429,3.831078037,1.989180939,1.615751685
1/24/2020,6.913985463,3.801251397,1.970654636,1.601141798
1/27/2020,6.711523345,3.718171727,1.933504722,1.575954698
1/28/2020,6.964210173,3.781535231,1.961085716,1.591798692
1/29/2020,7.032982969,3.807083941,1.962245159,1.590418803
1/30/2020,7.104542418,3.806427344,1.967273822,1.595403746
1/31/2020,6.937083835,3.897526602,1.935965337,1.567155814
2/3/2020,7.012940632,3.922035391,1.961872865,1.578524924
2/4/2020,7.253669701,4.00181637,2.003035791,1.602171881
2/5/2020,7.093701854,3.998808328,2.011648357,1.62019727
2/6/2020,7.059828061,4.024519224,2.025076166,1.625585516
2/7/2020,7.147404168,4.047293077,2.014151118,1.616805966
2/10/2020,7.348374865,4.124723277,2.036974097,1.62865133
2/11/2020,7.360747766,4.137452003,2.039206211,1.631401263
2/12/2020,7.950027561,4.1776218,2.057615991,1.641944433
2/13/2020,7.971520534,4.163420246,2.054656228,1.639267331
2/14/2020,7.938434664,4.148417571,2.058720272,1.642289375
2/18/2020,8.02732845,4.169395929,2.05905042,1.637493985
2/19/2020,8.129241572,4.195681978,2.07691436,1.645199681
2/20/2020,8.026079348,4.164097196,2.062907036,1.638922389
2/21/2020,7.798568715,4.064518283,2.026015373,1.621684034
2/24/2020,7.348301344,3.896067977,1.950846376,1.567335521
2/25/2020,6.977889436,3.810559825,1.89675706,1.519876608
2/26/2020,7.046460744,3.853180894,1.899966396,1.514133693
2/27/2020,6.580914963,3.670543222,1.812317475,1.447264639
2/28/2020,6.985135801,3.674280922,1.812505688,1.43534158
3/2/2020,7.315645328,3.839210835,1.893913614,1.5014236
3/3/2020,7.148346214,3.731515638,1.837198816,1.459221742
3/4/2020,7.666184097,3.871520489,1.907859578,1.52080468
3/5/2020,7.458277576,3.755471609,1.848728791,1.469215826
3/6/2020,7.048311077,3.708111299,1.814251051,1.444160037
3/9/2020,6.234447354,3.486248495,1.682039277,1.334447636
3/10/2020,6.704023001,3.676693822,1.765302582,1.40036442
3/11/2020,6.284494266,3.535217275,1.682329035,1.331930788
3/12/2020,5.615396152,3.231506542,1.52360677,1.20524728
3/13/2020,5.828344124,3.485072287,1.666003031,1.317180101
3/16/2020,4.773861114,3.201132528,1.460729278,1.15932851
3/17/2020,5.259783739,3.401260726,1.551739904,1.228835877
3/18/2020,4.98749758,3.405808589,1.478764697,1.165144376
3/19/2020,4.902209979,3.492578609,1.512770767,1.170629652
3/20/2020,5.110373262,3.415007607,1.455425527,1.119871721
3/23/2020,5.620256965,3.519252579,1.451437616,1.087066347
3/24/2020,6.441331199,3.611184675,1.569316256,1.189063325
3/25/2020,6.733061773,3.512822442,1.562216318,1.202779184
3/26/2020,6.694336712,3.663604281,1.649641078,1.277849641
3/27/2020,6.326194514,3.556358918,1.587197241,1.234802269
3/30/2020,6.415096724,3.687962686,1.64469268,1.276187914
3/31/2020,6.210903811,3.67828757,1.629026765,1.255752672
4/1/2020,5.715784188,3.575085461,1.557198192,1.200320697
4/2/2020,5.124070347,3.606040945,1.584009081,1.227723235
4/3/2020,5.289738683,3.568101949,1.559842682,1.209139035
4/6/2020,5.804867127,3.762304906,1.674118515,1.294179378
4/7/2020,5.586510607,3.765409608,1.668622108,1.29210474
4/8/2020,6.132444542,3.821248819,1.711704046,1.336109244
4/9/2020,6.184921087,3.824390306,1.724964612,1.355466006
4/13/2020,6.653455718,4.031662928,1.733181537,1.341769482
4/14/2020,7.429993088,4.234721253,1.801582913,1.382790849
4/15/2020,7.480181514,4.280671174,1.775654106,1.352327361
4/16/2020,7.987516516,4.438223859,1.805099051,1.360193429
4/17/2020,9.107520961,4.366303196,1.830016341,1.3966379
4/20/2020,9.903099676,4.403487539,1.811101009,1.371664551
4/21/2020,9.128286455,4.29284385,1.748162157,1.329589021
4/22/2020,9.799781003,4.33827373,1.797275494,1.360076827
4/23/2020,9.693819464,4.39575518,1.797142236,1.359343171
4/24/2020,10.07107573,4.419532966,1.826711762,1.378262587
4/27/2020,9.724609361,4.36706525,1.846945413,1.398542439
4/28/2020,9.867514998,4.247482938,1.82104429,1.391210748
4/29/2020,9.855391661,4.365972819,1.885988616,1.428194578
4/30/2020,9.739918744,4.526061802,1.880665754,1.415037412
5/1/2020,9.450027689,4.260460461,1.820456098,1.375332829
5/4/2020,10.27882246,4.325603086,1.842830546,1.381177756
5/5/2020,10.75900017,4.334745694,1.863650117,1.393664372
5/6/2020,11.67765089,4.395826839,1.873227301,1.383937416
5/7/2020,11.21947077,4.430003965,1.899729425,1.399859105
5/8/2020,10.94216787,4.459005353,1.92969893,1.423476882
5/11/2020,11.75924574,4.513955795,1.944723763,1.423666316
5/12/2020,11.68293781,4.424558062,1.90457194,1.394480704
5/13/2020,11.95769273,4.434174064,1.875084848,1.370129272
5/14/2020,11.91786464,4.470982765,1.892125898,1.385919769
5/15/2020,12.13672327,4.516030297,1.907112716,1.391361393
5/18/2020,11.48668121,4.549631715,1.953712962,1.435190935
5/19/2020,11.7973596,4.574891921,1.943192025,1.42014382
5/20/2020,12.22013659,4.655617487,1.983532267,1.443790777
5/21/2020,12.76116903,4.572251359,1.964301457,1.432567331
5/22/2020,13.21290224,4.558612495,1.972702463,1.43593918
5/26/2020,12.0849145,4.516461579,1.976009108,1.453585701
5/27/2020,11.69393086,4.508308368,1.991271118,1.475138449
5/28/2020,11.5593332,4.485826718,1.982095772,1.472028983
5/29/2020,11.73920975,4.546385472,2.00766902,1.479112881
6/1/2020,11.73205788,4.602906951,2.020823703,1.48466138
6/2/2020,12.13355617,4.610695247,2.032740847,1.496851687
6/3/2020,11.76272641,4.612431464,2.04850841,1.517282184
6/4/2020,11.29676884,4.569271939,2.034312666,1.512170912
6/5/2020,11.11434426,4.627947976,2.076258609,1.551807408
6/8/2020,11.15221418,4.684930106,2.099671846,1.57049362
6/9/2020,11.36594561,4.826225545,2.105807062,1.558245072
6/10/2020,11.36924757,4.902919291,2.119896819,1.549965974
6/11/2020,11.16396433,4.73037944,2.008274153,1.458604688
6/12/2020,11.44164362,4.714057155,2.028600568,1.477655296
6/15/2020,12.63387517,4.769746874,2.057628593,1.489937888
6/16/2020,12.57373948,4.859122473,2.093562042,1.518190683
6/17/2020,12.80220613,4.905805058,2.096663532,1.512724742
6/18/2020,13.6456421,4.924221894,2.103543337,1.513623633
6/19/2020,14.06581633,4.953908654,2.10419289,1.505072424
6/22/2020,14.43922069,5.041115857,2.127540634,1.514848014
6/23/2020,14.5349092,5.121911545,2.143384226,1.521373099
6/24/2020,14.38239076,5.053085393,2.096375737,1.482037776
6/25/2020,14.70111404,5.100164061,2.119188179,1.498280091
6/26/2020,14.62168528,4.9564658,2.064229281,1.461981401
6/29/2020,14.890171,4.964396977,2.088967034,1.48345159
6/30/2020,15.84771588,5.102396868,2.128024906,1.506311395
7/1/2020,17.26931823,5.306313462,2.148305042,1.513876291
7/2/2020,17.5375874,5.310276718,2.159517678,1.520751183
7/6/2020,16.55127154,5.580985761,2.207334389,1.544903336
7/7/2020,17.19239586,5.499209472,2.188344681,1.52818975
7/8/2020,17.18048275,5.638941609,2.219784563,1.540151597
7/9/2020,17.68012347,5.790815205,2.231473207,1.531459588
7/10/2020,17.58156841,5.869976058,2.246216856,1.547488152
7/13/2020,16.34536611,5.70000817,2.198277425,1.532999731
7/14/2020,16.28902877,5.682212382,2.218955268,1.553551693
7/15/2020,15.93498282,5.582484269,2.232052929,1.567661129
7/16/2020,15.26426539,5.567553266,2.21583477,1.562321516
7/17/2020,15.21393712,5.470715315,2.222046221,1.566771964
7/20/2020,16.85376084,5.82156352,2.277876562,1.57994372
7/21/2020,15.66789544,5.714941177,2.259528142,1.582596505
7/22/2020,15.72224984,5.663134205,2.264979923,1.591691817
7/23/2020,15.18913118,5.457558892,2.213209287,1.572082397
7/24/2020,15.2578538,5.489916039,2.192425665,1.562350578
7/27/2020,16.14750955,5.58872319,2.229044409,1.573904377
7/28/2020,16.37149476,5.491585052,2.200657466,1.563715877
7/29/2020,17.69636063,5.546157953,2.230455698,1.583150335
7/30/2020,17.46521661,5.581708141,2.239948176,1.577213122
7/31/2020,16.85416175,5.822969589,2.273260274,1.589311143
8/3/2020,18.10471192,5.786416893,2.306587248,1.600724024
8/4/2020,18.0716991,5.84175621,2.314704798,1.606505727
8/5/2020,18.31679417,5.925267331,2.326812428,1.616835146
8/6/2020,18.16319406,5.999492902,2.350014106,1.627227671
8/7/2020,17.50719703,5.884094196,2.329473859,1.628257754
8/10/2020,16.60059449,5.858922101,2.320457183,1.632722792
8/11/2020,15.92677282,5.716894173,2.281204487,1.619711408
8/12/2020,16.28217049,5.870281665,2.329740374,1.642381779
8/13/2020,16.44727106,5.895280028,2.336142105,1.639019537
8/14/2020,16.22838242,5.878842193,2.331233891,1.638737818
8/17/2020,16.70848797,5.920327212,2.35459651,1.64317854
8/18/2020,16.96625285,6.11254314,2.371755942,1.646963419
8/19/2020,16.67205195,6.036828925,2.358135788,1.639709541
8/20/2020,17.23494914,6.126803979,2.383203483,1.644888781
8/21/2020,16.84892167,6.167576574,2.393114947,1.65054902
8/24/2020,16.29341643,6.211046561,2.40748403,1.667126669
8/25/2020,17.02462371,6.255164214,2.425836787,1.673122242
8/26/2020,18.07901695,6.467338945,2.467850289,1.690180771
8/27/2020,17.2988046,6.368982426,2.459447217,1.693008518
8/28/2020,17.02751435,6.366769852,2.474317719,1.704406808
8/31/2020,17.55919732,6.480442267,2.491206504,1.700665699
9/1/2020,18.91610636,6.627752076,2.525946627,1.713463213
9/2/2020,17.56306185,6.636807837,2.550650498,1.739792135
9/3/2020,16.50760803,6.284580509,2.424066012,1.678680469
9/4/2020,15.81413039,6.175635893,2.393396338,1.665027715
9/8/2020,14.79546244,5.891997854,2.294928354,1.618812636
9/9/2020,15.32703589,6.084221233,2.357099065,1.651423594
9/10/2020,15.07178461,5.900712893,2.310139335,1.622383646
9/11/2020,14.76855532,5.81001027,2.296167959,1.623248494
9/14/2020,15.09159251,5.820463642,2.33913575,1.643931649
9/15/2020,15.07487762,5.915105841,2.367414847,1.652511919
9/16/2020,14.25992665,5.762391394,2.337828174,1.644879055
9/17/2020,14.00411387,5.635689729,2.30816981,1.63104173
9/18/2020,14.63467208,5.529713336,2.283417387,1.612802473
9/21/2020,15.1014983,5.5878336,2.280353911,1.594140577
9/22/2020,15.54327979,5.83086603,2.319458475,1.610907661
9/23/2020,14.93016451,5.590681055,2.24950656,1.572694587
9/24/2020,14.73952458,5.630326602,2.257816455,1.577392948
9/25/2020,15.71140868,5.782269435,2.308863575,1.602594519
9/28/2020,15.74392489,5.921920517,2.352015447,1.628413263
9/29/2020,16.96077267,5.879517236,2.345186259,1.620576256
9/30/2020,16.74319585,5.913579517,2.362589067,1.633952036
10/1/2020,17.37910377,6.051216579,2.396226974,1.642600393
10/2/2020,16.98276083,5.857363063,2.34302191,1.626868138
10/5/2020,17.71435559,6.010730493,2.397492197,1.656107365
10/6/2020,17.26215958,5.82897196,2.359857805,1.632965723
10/7/2020,17.82661347,6.00791498,2.40428523,1.661374027
10/8/2020,17.73750364,5.997180089,2.416213118,1.674681838
10/9/2020,18.20695806,6.151724709,2.449842555,1.689408209
10/12/2020,17.97847296,6.433632737,2.512531627,1.717141218
10/13/2020,18.31103358,6.418838997,2.509916888,1.706311347
10/14/2020,17.88452363,6.297418158,2.489782818,1.695010205
10/15/2020,17.8451056,6.25904611,2.478176608,1.692420645
10/16/2020,17.58784586,6.14195239,2.469225424,1.692648985
10/19/2020,17.72886949,6.02534335,2.42846227,1.665008261
10/20/2020,17.42390775,6.048873879,2.436419084,1.672879311
10/21/2020,16.57236438,5.965858564,2.429691544,1.66920617
10/22/2020,16.37673994,5.939773032,2.434201845,1.677917633
10/23/2020,16.76171018,5.976810651,2.443144558,1.683699337
10/26/2020,17.10654095,5.974531346,2.403087979,1.65240018
10/27/2020,18.01045555,6.097240912,2.418406805,1.647400647
10/28/2020,16.83316101,5.872627161,2.328181158,1.589267373
10/29/2020,15.80782058,6.001566144,2.366414073,1.608254876
10/30/2020,14.83719182,5.675202915,2.308446861,1.588747468
11/2/2020,14.61115076,5.642777913,2.318182922,1.608317981
11/3/2020,15.16029295,5.721712668,2.361120962,1.636944899
11/4/2020,16.041009,6.040042582,2.452135823,1.673034702
11/5/2020,16.68935286,6.204706293,2.515635183,1.705592282
11/6/2020,17.08028864,6.190032212,2.516545053,1.705101557
11/9/2020,14.3526944,5.90134912,2.478157601,1.725051056
11/10/2020,13.98977057,5.76780014,2.444325075,1.722636339
11/11/2020,15.1344774,5.944705356,2.49352725,1.735817703
11/12/2020,14.74049378,5.903325314,2.477271077,1.71849679
11/13/2020,14.56546787,5.926230202,2.50259475,1.741886108
11/16/2020,14.56597133,5.937909341,2.522658989,1.762175687
11/17/2020,14.54355006,5.932017049,2.517414429,1.753731472
11/18/2020,14.86754157,5.877737464,2.496736586,1.73345162
11/19/2020,15.51460732,5.903595695,2.518550526,1.740292587
11/20/2020,15.97788393,5.868133671,2.508027524,1.72847154
11/23/2020,15.86242394,5.817634282,2.513456165,1.738213086
11/24/2020,15.5960898,5.870003245,2.546493278,1.766305509
11/25/2020,16.4965935,5.963955965,2.558681276,1.763506942
11/27/2020,16.74036227,5.992289092,2.58225938,1.767734032
11/30/2020,17.7742518,5.978820314,2.580755326,1.759610324
12/1/2020,17.25168442,6.104617347,2.613836858,1.779443221
12/2/2020,17.52288961,6.090509854,2.612622459,1.782630501
12/3/2020,17.15948882,6.059291019,2.618505828,1.781517859
12/4/2020,16.9281776,6.022379803,2.636922219,1.797259841
12/7/2020,17.50998882,6.054016364,2.648710238,1.793780997
12/8/2020,17.85178527,6.079440108,2.662000244,1.79878053
12/9/2020,16.71013308,5.936161547,2.610418029,1.784481661
12/10/2020,17.30059687,5.955848582,2.624562742,1.78218841
12/11/2020,17.12375366,5.965515659,2.618651895,1.779933946
12/14/2020,17.06784171,6.027002604,2.631804512,1.772174753
12/15/2020,17.40200397,6.104113116,2.664600315,1.795073465
12/16/2020,18.91888602,6.200008237,2.677956227,1.798255762
12/17/2020,19.26035024,6.211832864,2.700499881,1.808609498
12/18/2020,19.09185078,6.148108096,2.698572502,1.802259256
12/21/2020,19.54365821,6.16457876,2.695796821,1.795219128
12/22/2020,21.0744392,6.204415074,2.709632874,1.791497472
12/23/2020,19.46416585,6.154487782,2.701845472,1.792833591
12/24/2020,19.9690593,6.151617347,2.708958116,1.799174107
12/28/2020,18.47867085,6.353862605,2.728990537,1.814867455
12/29/2020,18.91263167,6.388562073,2.718581785,1.810825055
12/30/2020,18.61657001,6.32485763,2.722766483,1.813254362
12/31/2020,17.95720919,6.295919249,2.726633843,1.824929627
1/4/2021,17.35245138,6.149454543,2.686473549,1.798003105
1/5/2021,17.89489659,6.206186143,2.711968495,1.810737633
1/6/2021,17.41299622,6.032307914,2.695430931,1.82107666
1/7/2021,18.70839952,6.127182688,2.764545287,1.84811492
1/8/2021,19.17600978,6.168276512,2.792999995,1.858264514
1/11/2021,18.87624206,6.030911316,2.757976209,1.846084053
1/12/2021,19.11755045,6.028676828,2.765592339,1.846851633
1/13/2021,19.14689674,6.123503725,2.777549771,1.851054406
1/14/2021,18.81416837,6.043721261,2.774099125,1.844106564
1/15/2021,18.63774425,5.991705018,2.749951836,1.830847386
1/19/2021,18.6006717,6.031067796,2.791984345,1.845743855
1/20/2021,19.09064449,6.357924595,2.847004604,1.87146545
1/21/2021,18.97267489,6.460063875,2.862588086,1.872058187
1/22/2021,18.95156289,6.453785127,2.865158405,1.866422146
1/25/2021,19.14159315,6.496012399,2.884818739,1.873170828
1/26/2021,18.28335874,6.54452061,2.882717816,1.870381988
1/27/2021,17.16068709,6.371273169,2.807517003,1.822354537
1/28/2021,17.73833773,6.330027046,2.821598497,1.840141858
1/29/2021,17.39687929,6.219243498,2.765224383,1.804606004
2/1/2021,18.13376454,6.423858585,2.835609953,1.833573121
2/2/2021,19.71157162,6.491973568,2.879908459,1.85905653
2/3/2021,19.47060996,6.408759134,2.879434517,1.860931888
2/4/2021,20.02089446,6.482901673,2.914807251,1.881129182
2/5/2021,20.50619006,6.507249319,2.931427249,1.888460874
2/8/2021,21.61795499,6.470655228,2.959213397,1.902434254
2/9/2021,23.22228187,6.450194819,2.963457389,1.900315846
2/10/2021,23.76413054,6.429185932,2.95601687,1.899659885
2/11/2021,23.77413776,6.391049258,2.967280123,1.902817985
2/12/2021,23.55413376,6.412130843,2.982025838,1.911782223
2/16/2021,23.87444445,6.38198907,2.971877403,1.910693898
2/17/2021,23.03617252,6.396847676,2.954527485,1.910081708
2/18/2021,22.36014958,6.40142294,2.93334409,1.901647101
2/19/2021,23.40862591,6.297191345,2.935269196,1.898119742
2/22/2021,22.52170949,6.159154621,2.863040748,1.883441887
2/23/2021,20.96812561,6.190162725,2.848686541,1.885808089
2/24/2021,20.7142501,6.156891082,2.876775152,1.907215054
2/25/2021,19.8497302,5.967999191,2.77553562,1.860528704
2/26/2021,20.52314177,6.005171285,2.790962498,1.851690794
3/1/2021,20.92219423,6.162093432,2.874841576,1.895743932
3/2/2021,21.10973305,6.067499499,2.826174497,1.880424706
3/3/2021,19.50339682,5.88875507,2.749793167,1.85585466
3/4/2021,18.29449968,5.831907892,2.691766661,1.830954261
3/5/2021,17.93317984,5.894648849,2.733376258,1.866650487
3/8/2021,16.9182172,5.736068505,2.667583423,1.856646676
3/9/2021,17.98234066,5.938579594,2.765886539,1.882926845
3/10/2021,17.22767134,5.919051035,2.764830809,1.894281484
3/11/2021,18.15389917,6.042038233,2.834611452,1.913973463
3/12/2021,18.17441667,5.984459839,2.817938565,1.915916909
3/15/2021,18.58798955,6.012645951,2.847525031,1.92835489
3/16/2021,18.25204301,6.053980315,2.850034198,1.925327983
3/17/2021,18.740514,6.097754576,2.861380091,1.930871738
3/18/2021,17.77710947,5.893268967,2.774845987,1.90237103
3/19/2021,17.78082721,5.958123574,2.79580522,1.901224463
3/22/2021,18.45758304,6.047791154,2.830141231,1.91458079
3/23/2021,18.50869078,6.083860992,2.798441239,1.899970903
3/24/2021,17.53889875,5.97795569,2.742206581,1.889583124
3/25/2021,16.6843324,5.91469339,2.745547108,1.899485041
3/26/2021,16.73276152,5.933864386,2.779618877,1.931075762
3/29/2021,16.31018062,5.978603531,2.762888762,1.929399564
3/30/2021,16.13346114,5.951903806,2.759871771,1.923306842
3/31/2021,17.1953269,6.035827543,2.802496811,1.930274019
4/1/2021,17.95633956,6.159366759,2.851840921,1.953099899
4/5/2021,17.78162758,6.293019892,2.899543175,1.981299198
4/6/2021,17.9644362,6.294927227,2.898017841,1.979370342
4/7/2021,18.15322581,6.388919821,2.895999559,1.982290374
4/8/2021,19.31160941,6.448402204,2.925717217,1.990656894
4/9/2021,19.38925924,6.564466065,2.940712713,2.006024634
4/12/2021,19.0247775,6.544605308,2.930094467,2.005631295
4/13/2021,19.73687907,6.604085307,2.961003179,2.012238821
4/14/2021,18.58979718,6.480479659,2.931753058,2.004013339
4/15/2021,19.054894,6.581549034,2.970028326,2.026246245
4/16/2021,19.00825929,6.598192751,2.972901316,2.033558602
4/19/2021,17.93564618,6.580946307,2.943797055,2.022767401
4/20/2021,17.59909447,6.512801168,2.916611702,2.00900789
4/21/2021,17.83789915,6.507344988,2.951296869,2.027703829
4/22/2021,17.0772094,6.420594872,2.923411346,2.009027344
4/23/2021,17.03753221,6.493838703,2.965384561,2.030983394
4/26/2021,18.16180429,6.585169174,2.991188581,2.034603156
4/27/2021,18.01836886,6.582678031,2.980915152,2.034165929
4/28/2021,20.33541025,6.643351897,2.972624264,2.03244596
4/29/2021,19.33035673,6.686322106,2.97929251,2.046190999
4/30/2021,18.50577127,6.657888916,2.953932888,2.031469255
5/3/2021,17.50754368,6.564883517,2.939640042,2.037051917
5/4/2021,17.90134664,6.412950977,2.884291907,2.023447797
5/5/2021,17.60708351,6.35984382,2.873485449,2.024871219
5/6/2021,17.03344023,6.430852227,2.884152245,2.041405217
5/7/2021,17.36741244,6.429400361,2.909412493,2.056457195
5/10/2021,16.84454963,6.239470201,2.835286416,2.034996733
5/11/2021,17.37667834,6.266440548,2.832656595,2.017345348
5/12/2021,16.91089847,6.121090287,2.756971303,1.9740745
5/13/2021,16.19988682,6.163977963,2.776712005,1.998105188
5/14/2021,16.79248753,6.288105441,2.841235485,2.027912835
5/17/2021,16.96371502,6.327464902,2.830460636,2.02278211
5/18/2021,17.62356213,6.258228311,2.814506926,2.005553482
5/19/2021,18.26676772,6.261604223,2.813681969,1.999650313
5/20/2021,18.98134335,6.335920432,2.863609933,2.020756105
5/21/2021,19.1220005,6.258377531,2.849911477,2.019172074
5/24/2021,19.83789093,6.351908024,2.890145733,2.039184678
5/25/2021,19.47496733,6.367640947,2.889299496,2.034850832
5/26/2021,19.41378961,6.382430953,2.90639984,2.038669874
5/27/2021,19.45619561,6.32445021,2.906036017,2.041045565
5/28/2021,19.47540722,6.308425611,2.908672035,2.042614888
6/1/2021,19.63949449,6.303083083,2.90607837,2.04160924
6/2/2021,19.10919791,6.324991471,2.910277736,2.044563316
6/3/2021,18.52410518,6.240970355,2.880274349,2.037144202
6/4/2021,18.61027074,6.308881354,2.922582051,2.055140529
6/7/2021,19.11053859,6.310489582,2.936805066,2.053503119
6/8/2021,19.00776401,6.39223971,2.945942397,2.053862533
6/9/2021,18.70849341,6.408963986,2.943158246,2.05011656
6/10/2021,19.98318579,6.489889755,2.966129357,2.059654201
6/11/2021,19.27179113,6.495817017,2.976514763,2.063667303
6/14/2021,20.42473934,6.585605154,2.998669181,2.067413275
6/15/2021,20.74171273,6.567784221,2.977242618,2.063254273
6/16/2021,21.63462937,6.602945125,2.970222944,2.052133075
6/17/2021,23.17936611,6.716856888,2.995963331,2.051238929
6/18/2021,23.4845876,6.69400189,2.968254659,2.024317508
