Date,^IXIC,^GSPC
2015-01-02,4726.81005859375,2058.199951171875
2015-01-05,4652.56982421875,2020.5799560546875
2015-01-06,4592.740234375,2002.6099853515625
2015-01-07,4650.47021484375,2025.9000244140625
2015-01-08,4736.18994140625,2062.139892578125
2015-01-09,4704.06982421875,2044.81005859375
2015-01-12,4664.7099609375,2028.260009765625
2015-01-13,4661.5,2023.030029296875
2015-01-14,4639.31982421875,2011.27001953125
2015-01-15,4570.81982421875,1992.6700439453125
2015-01-16,4634.3798828125,2019.4200439453125
2015-01-20,4654.85009765625,2022.550048828125
2015-01-21,4667.419921875,2032.1199951171875
2015-01-22,4750.39990234375,2063.14990234375
2015-01-23,4757.8798828125,2051.820068359375
2015-01-26,4771.759765625,2057.090087890625
2015-01-27,4681.5,2029.550048828125
2015-01-28,4637.990234375,2002.1600341796875
2015-01-29,4683.41015625,2021.25
2015-01-30,4635.240234375,1994.989990234375
2015-02-02,4676.68994140625,2020.8499755859375
2015-02-03,4727.740234375,2050.030029296875
2015-02-04,4716.7001953125,2041.510009765625
2015-02-05,4765.10009765625,2062.52001953125
2015-02-06,4744.39990234375,2055.469970703125
2015-02-09,4726.009765625,2046.739990234375
2015-02-10,4787.64013671875,2068.590087890625
2015-02-11,4801.18017578125,2068.530029296875
2015-02-12,4857.60986328125,2088.47998046875
2015-02-13,4893.83984375,2096.989990234375
2015-02-17,4899.27001953125,2100.340087890625
2015-02-18,4906.35986328125,2099.679931640625
2015-02-19,4924.7001953125,2097.449951171875
2015-02-20,4955.97021484375,2110.300048828125
2015-02-23,4960.97021484375,2109.659912109375
2015-02-24,4968.1201171875,2115.47998046875
2015-02-25,4967.14013671875,2113.860107421875
2015-02-26,4987.89013671875,2110.739990234375
2015-02-27,4963.52978515625,2104.5
2015-03-02,5008.10009765625,2117.389892578125
2015-03-03,4979.89990234375,2107.780029296875
2015-03-04,4967.14013671875,2098.530029296875
2015-03-05,4982.81005859375,2101.0400390625
2015-03-06,4927.3701171875,2071.260009765625
2015-03-09,4942.43994140625,2079.429931640625
2015-03-10,4859.7900390625,2044.1600341796875
2015-03-11,4849.93994140625,2040.239990234375
2015-03-12,4893.2900390625,2065.949951171875
2015-03-13,4871.759765625,2053.39990234375
2015-03-16,4929.509765625,2081.18994140625
2015-03-17,4937.43017578125,2074.280029296875
2015-03-18,4982.830078125,2099.5
2015-03-19,4992.3798828125,2089.27001953125
2015-03-20,5026.419921875,2108.10009765625
2015-03-23,5010.97021484375,2104.419921875
2015-03-24,4994.72998046875,2091.5
2015-03-25,4876.52001953125,2061.050048828125
2015-03-26,4863.35986328125,2056.14990234375
2015-03-27,4891.22021484375,2061.02001953125
2015-03-30,4947.43994140625,2086.239990234375
2015-03-31,4900.8798828125,2067.889892578125
2015-04-01,4880.22998046875,2059.68994140625
2015-04-02,4886.93994140625,2066.9599609375
2015-04-06,4917.31982421875,2080.6201171875
2015-04-07,4910.22998046875,2076.330078125
2015-04-08,4950.81982421875,2081.89990234375
2015-04-09,4974.56005859375,2091.179931640625
2015-04-10,4995.97998046875,2102.06005859375
2015-04-13,4988.25,2092.429931640625
2015-04-14,4977.2900390625,2095.840087890625
2015-04-15,5011.02001953125,2106.6298828125
2015-04-16,5007.7900390625,2104.989990234375
2015-04-17,4931.81005859375,2081.179931640625
2015-04-20,4994.60009765625,2100.39990234375
2015-04-21,5014.10009765625,2097.2900390625
2015-04-22,5035.169921875,2107.9599609375
2015-04-23,5056.06005859375,2112.929931640625
2015-04-24,5092.080078125,2117.68994140625
2015-04-27,5060.25,2108.919921875
2015-04-28,5055.419921875,2114.760009765625
2015-04-29,5023.64013671875,2106.85009765625
2015-04-30,4941.419921875,2085.510009765625
2015-05-01,5005.39013671875,2108.2900390625
2015-05-04,5016.93017578125,2114.489990234375
2015-05-05,4939.330078125,2089.4599609375
2015-05-06,4919.64013671875,2080.14990234375
2015-05-07,4945.5400390625,2088.0
2015-05-08,5003.5498046875,2116.10009765625
2015-05-11,4993.56982421875,2105.330078125
2015-05-12,4976.18994140625,2099.1201171875
2015-05-13,4981.68994140625,2098.47998046875
2015-05-14,5050.7998046875,2121.10009765625
2015-05-15,5048.2900390625,2122.72998046875
2015-05-18,5078.43994140625,2129.199951171875
2015-05-19,5070.02978515625,2127.830078125
2015-05-20,5071.740234375,2125.85009765625
2015-05-21,5090.7900390625,2130.820068359375
2015-05-22,5089.35986328125,2126.06005859375
2015-05-26,5032.75,2104.199951171875
2015-05-27,5106.58984375,2123.47998046875
2015-05-28,5097.97998046875,2120.7900390625
2015-05-29,5070.02978515625,2107.389892578125
2015-06-01,5082.93017578125,2111.72998046875
2015-06-02,5076.52001953125,2109.60009765625
2015-06-03,5099.22998046875,2114.070068359375
2015-06-04,5059.1201171875,2095.840087890625
2015-06-05,5068.4599609375,2092.830078125
2015-06-08,5021.6298828125,2079.280029296875
2015-06-09,5013.8701171875,2080.14990234375
2015-06-10,5076.68994140625,2105.199951171875
2015-06-11,5082.509765625,2108.860107421875
2015-06-12,5051.10009765625,2094.110107421875
2015-06-15,5029.97021484375,2084.429931640625
2015-06-16,5055.5498046875,2096.2900390625
2015-06-17,5064.8798828125,2100.43994140625
2015-06-18,5132.9501953125,2121.239990234375
2015-06-19,5117.0,2109.989990234375
2015-06-22,5153.97021484375,2122.85009765625
2015-06-23,5160.08984375,2124.199951171875
2015-06-24,5122.41015625,2108.580078125
2015-06-25,5112.18994140625,2102.31005859375
2015-06-26,5080.509765625,2101.489990234375
2015-06-29,4958.47021484375,2057.639892578125
2015-06-30,4986.8701171875,2063.110107421875
2015-07-01,5013.1201171875,2077.419921875
2015-07-02,5009.2099609375,2076.780029296875
2015-07-06,4991.93994140625,2068.760009765625
2015-07-07,4997.4599609375,2081.340087890625
2015-07-08,4909.759765625,2046.6800537109375
2015-07-09,4922.39990234375,2051.31005859375
2015-07-10,4997.7001953125,2076.6201171875
2015-07-13,5071.509765625,2099.60009765625
2015-07-14,5104.89013671875,2108.949951171875
2015-07-15,5098.93994140625,2107.39990234375
2015-07-16,5163.18017578125,2124.2900390625
2015-07-17,5210.14013671875,2126.639892578125
2015-07-20,5218.85986328125,2128.280029296875
2015-07-21,5208.1201171875,2119.2099609375
2015-07-22,5171.77001953125,2114.14990234375
2015-07-23,5146.41015625,2102.14990234375
2015-07-24,5088.6298828125,2079.64990234375
2015-07-27,5039.77978515625,2067.639892578125
2015-07-28,5089.2099609375,2093.25
2015-07-29,5111.72998046875,2108.570068359375
2015-07-30,5128.77978515625,2108.6298828125
2015-07-31,5128.27978515625,2103.840087890625
2015-08-03,5115.3798828125,2098.0400390625
2015-08-04,5105.5498046875,2093.320068359375
2015-08-05,5139.93994140625,2099.840087890625
2015-08-06,5056.43994140625,2083.56005859375
2015-08-07,5043.5400390625,2077.570068359375
2015-08-10,5101.7998046875,2104.179931640625
2015-08-11,5036.7900390625,2084.070068359375
2015-08-12,5044.39013671875,2086.050048828125
2015-08-13,5033.56005859375,2083.389892578125
2015-08-14,5048.240234375,2091.5400390625
2015-08-17,5091.7001953125,2102.43994140625
2015-08-18,5059.35009765625,2096.919921875
2015-08-19,5019.0498046875,2079.610107421875
2015-08-20,4877.490234375,2035.72998046875
2015-08-21,4706.0400390625,1970.8900146484375
2015-08-24,4526.25,1893.2099609375
2015-08-25,4506.490234375,1867.6099853515625
2015-08-26,4697.5400390625,1940.510009765625
2015-08-27,4812.7099609375,1987.6600341796875
2015-08-28,4828.31982421875,1988.8699951171875
2015-08-31,4776.509765625,1972.1800537109375
2015-09-01,4636.10009765625,1913.8499755859375
2015-09-02,4749.97998046875,1948.8599853515625
2015-09-03,4733.5,1951.1300048828125
2015-09-04,4683.919921875,1921.219970703125
2015-09-08,4811.93017578125,1969.4100341796875
2015-09-09,4756.52978515625,1942.0400390625
2015-09-10,4796.25,1952.2900390625
2015-09-11,4822.33984375,1961.050048828125
2015-09-14,4805.759765625,1953.030029296875
2015-09-15,4860.52001953125,1978.0899658203125
2015-09-16,4889.240234375,1995.31005859375
2015-09-17,4893.9501953125,1990.199951171875
2015-09-18,4827.22998046875,1958.030029296875
2015-09-21,4828.9501953125,1966.969970703125
2015-09-22,4756.72021484375,1942.739990234375
2015-09-23,4752.740234375,1938.760009765625
2015-09-24,4734.47998046875,1932.239990234375
2015-09-25,4686.5,1931.3399658203125
2015-09-28,4543.97021484375,1881.77001953125
2015-09-29,4517.31982421875,1884.0899658203125
2015-09-30,4620.16015625,1920.030029296875
2015-10-01,4627.080078125,1923.8199462890625
2015-10-02,4707.77978515625,1951.3599853515625
2015-10-05,4781.259765625,1987.050048828125
2015-10-06,4748.35986328125,1979.9200439453125
2015-10-07,4791.14990234375,1995.8299560546875
2015-10-08,4810.7900390625,2013.4300537109375
2015-10-09,4830.47021484375,2014.8900146484375
2015-10-12,4838.64013671875,2017.4599609375
2015-10-13,4796.60986328125,2003.68994140625
2015-10-14,4782.85009765625,1994.239990234375
2015-10-15,4870.10009765625,2023.8599853515625
2015-10-16,4886.68994140625,2033.1099853515625
2015-10-19,4905.47021484375,2033.6600341796875
2015-10-20,4880.97021484375,2030.77001953125
2015-10-21,4840.1201171875,2018.93994140625
2015-10-22,4920.0498046875,2052.510009765625
2015-10-23,5031.85986328125,2075.14990234375
2015-10-26,5034.7001953125,2071.179931640625
2015-10-27,5030.14990234375,2065.889892578125
2015-10-28,5095.68994140625,2090.35009765625
2015-10-29,5074.27001953125,2089.409912109375
2015-10-30,5053.75,2079.360107421875
2015-11-02,5127.14990234375,2104.050048828125
2015-11-03,5145.1298828125,2109.7900390625
2015-11-04,5142.47998046875,2102.31005859375
2015-11-05,5127.740234375,2099.929931640625
2015-11-06,5147.1201171875,2099.199951171875
2015-11-09,5095.2998046875,2078.580078125
2015-11-10,5083.240234375,2081.719970703125
2015-11-11,5067.02001953125,2075.0
2015-11-12,5005.080078125,2045.969970703125
2015-11-13,4927.8798828125,2023.0400390625
2015-11-16,4984.6201171875,2053.18994140625
2015-11-17,4986.02001953125,2050.43994140625
2015-11-18,5075.2001953125,2083.580078125
2015-11-19,5073.64013671875,2081.239990234375
2015-11-20,5104.919921875,2089.169921875
2015-11-23,5102.47998046875,2086.590087890625
2015-11-24,5102.81005859375,2089.139892578125
2015-11-25,5116.14013671875,2088.8701171875
2015-11-27,5127.52001953125,2090.110107421875
2015-11-30,5108.669921875,2080.409912109375
2015-12-01,5156.31005859375,2102.6298828125
2015-12-02,5123.22021484375,2079.510009765625
2015-12-03,5037.52978515625,2049.6201171875
2015-12-04,5142.27001953125,2091.68994140625
2015-12-07,5101.81005859375,2077.070068359375
2015-12-08,5098.240234375,2063.590087890625
2015-12-09,5022.8701171875,2047.6199951171875
2015-12-10,5045.169921875,2052.22998046875
2015-12-11,4933.47021484375,2012.3699951171875
2015-12-14,4952.22998046875,2021.93994140625
2015-12-15,4995.35986328125,2043.4100341796875
2015-12-16,5071.1298828125,2073.070068359375
2015-12-17,5002.5498046875,2041.8900146484375
2015-12-18,4923.080078125,2005.550048828125
2015-12-21,4968.919921875,2021.1500244140625
2015-12-22,5001.10986328125,2038.969970703125
2015-12-23,5045.93017578125,2064.2900390625
2015-12-24,5048.490234375,2060.989990234375
2015-12-28,5040.990234375,2056.5
2015-12-29,5107.93994140625,2078.360107421875
2015-12-30,5065.85009765625,2063.360107421875
2015-12-31,5007.41015625,2043.93994140625
2016-01-04,4903.08984375,2012.6600341796875
2016-01-05,4891.43017578125,2016.7099609375
2016-01-06,4835.759765625,1990.260009765625
2016-01-07,4689.43017578125,1943.0899658203125
2016-01-08,4643.6298828125,1922.030029296875
2016-01-11,4637.990234375,1923.6700439453125
2016-01-12,4685.919921875,1938.6800537109375
2016-01-13,4526.06005859375,1890.280029296875
2016-01-14,4615.0,1921.8399658203125
2016-01-15,4488.419921875,1880.3299560546875
2016-01-19,4476.9501953125,1881.3299560546875
2016-01-20,4471.68994140625,1859.3299560546875
2016-01-21,4472.06005859375,1868.989990234375
2016-01-22,4591.18017578125,1906.9000244140625
2016-01-25,4518.490234375,1877.0799560546875
2016-01-26,4567.669921875,1903.6300048828125
2016-01-27,4468.169921875,1882.949951171875
2016-01-28,4506.68017578125,1893.3599853515625
2016-01-29,4613.9501953125,1940.239990234375
2016-02-01,4620.3701171875,1939.3800048828125
2016-02-02,4516.9501953125,1903.030029296875
2016-02-03,4504.240234375,1912.530029296875
2016-02-04,4509.56005859375,1915.449951171875
2016-02-05,4363.14013671875,1880.050048828125
2016-02-08,4283.75,1853.43994140625
2016-02-09,4268.759765625,1852.2099609375
2016-02-10,4283.58984375,1851.8599853515625
2016-02-11,4266.83984375,1829.0799560546875
2016-02-12,4337.509765625,1864.780029296875
2016-02-16,4435.9599609375,1895.5799560546875
2016-02-17,4534.06005859375,1926.8199462890625
2016-02-18,4487.5400390625,1917.8299560546875
2016-02-19,4504.43017578125,1917.780029296875
2016-02-22,4570.60986328125,1945.5
2016-02-23,4503.580078125,1921.27001953125
2016-02-24,4542.60986328125,1929.800048828125
2016-02-25,4582.2001953125,1951.699951171875
2016-02-26,4590.47021484375,1948.050048828125
2016-02-29,4557.9501953125,1932.22998046875
2016-03-01,4689.60009765625,1978.3499755859375
2016-03-02,4703.419921875,1986.449951171875
2016-03-03,4707.419921875,1993.4000244140625
2016-03-04,4717.02001953125,1999.989990234375
2016-03-07,4708.25,2001.760009765625
2016-03-08,4648.81982421875,1979.260009765625
2016-03-09,4674.3798828125,1989.260009765625
2016-03-10,4662.16015625,1989.5699462890625
2016-03-11,4748.47021484375,2022.18994140625
2016-03-14,4750.27978515625,2019.6400146484375
2016-03-15,4728.669921875,2015.9300537109375
2016-03-16,4763.97021484375,2027.219970703125
2016-03-17,4774.990234375,2040.5899658203125
2016-03-18,4795.64990234375,2049.580078125
2016-03-21,4808.8701171875,2051.60009765625
2016-03-22,4821.66015625,2049.800048828125
2016-03-23,4768.85986328125,2036.7099609375
2016-03-24,4773.5,2035.93994140625
2016-03-28,4766.7900390625,2037.050048828125
2016-03-29,4846.6201171875,2055.010009765625
2016-03-30,4869.2900390625,2063.949951171875
2016-03-31,4869.85009765625,2059.739990234375
2016-04-01,4914.5400390625,2072.780029296875
2016-04-04,4891.7998046875,2066.1298828125
2016-04-05,4843.93017578125,2045.1700439453125
2016-04-06,4920.72021484375,2066.659912109375
2016-04-07,4848.3701171875,2041.9100341796875
2016-04-08,4850.68994140625,2047.5999755859375
2016-04-11,4833.39990234375,2041.989990234375
2016-04-12,4872.08984375,2061.719970703125
2016-04-13,4947.419921875,2082.419921875
2016-04-14,4945.89013671875,2082.780029296875
2016-04-15,4938.22021484375,2080.72998046875
2016-04-18,4960.02001953125,2094.340087890625
2016-04-19,4940.330078125,2100.800048828125
2016-04-20,4948.1298828125,2102.39990234375
2016-04-21,4945.89013671875,2091.47998046875
2016-04-22,4906.22998046875,2091.580078125
2016-04-25,4895.7900390625,2087.7900390625
2016-04-26,4888.27978515625,2091.699951171875
2016-04-27,4863.14013671875,2095.14990234375
2016-04-28,4805.2900390625,2075.81005859375
2016-04-29,4775.35986328125,2065.300048828125
2016-05-02,4817.58984375,2081.429931640625
2016-05-03,4763.22021484375,2063.3701171875
2016-05-04,4725.64013671875,2051.1201171875
2016-05-05,4717.08984375,2050.6298828125
2016-05-06,4736.16015625,2057.139892578125
2016-05-09,4750.2099609375,2058.68994140625
2016-05-10,4809.8798828125,2084.389892578125
2016-05-11,4760.68994140625,2064.4599609375
2016-05-12,4737.330078125,2064.110107421875
2016-05-13,4717.68017578125,2046.6099853515625
2016-05-16,4775.4599609375,2066.659912109375
2016-05-17,4715.72998046875,2047.2099609375
2016-05-18,4739.1201171875,2047.6300048828125
2016-05-19,4712.52978515625,2040.0400390625
2016-05-20,4769.56005859375,2052.320068359375
2016-05-23,4765.77978515625,2048.0400390625
2016-05-24,4861.06005859375,2076.06005859375
2016-05-25,4894.89013671875,2090.5400390625
2016-05-26,4901.77001953125,2090.10009765625
2016-05-27,4933.5,2099.06005859375
2016-05-31,4948.0498046875,2096.949951171875
2016-06-01,4952.25,2099.330078125
2016-06-02,4971.35986328125,2105.260009765625
2016-06-03,4942.52001953125,2099.1298828125
2016-06-06,4968.7099609375,2109.409912109375
2016-06-07,4961.75,2112.1298828125
2016-06-08,4974.64013671875,2119.1201171875
2016-06-09,4958.6201171875,2115.47998046875
2016-06-10,4894.5498046875,2096.070068359375
2016-06-13,4848.43994140625,2079.06005859375
2016-06-14,4843.5498046875,2075.320068359375
2016-06-15,4834.93017578125,2071.5
2016-06-16,4844.919921875,2077.989990234375
2016-06-17,4800.33984375,2071.219970703125
2016-06-20,4837.2099609375,2083.25
2016-06-21,4843.759765625,2088.89990234375
2016-06-22,4833.31982421875,2085.449951171875
2016-06-23,4910.0400390625,2113.320068359375
2016-06-24,4707.97998046875,2037.4100341796875
2016-06-27,4594.43994140625,2000.5400390625
2016-06-28,4691.8701171875,2036.0899658203125
2016-06-29,4779.25,2070.77001953125
2016-06-30,4842.669921875,2098.860107421875
2016-07-01,4862.56982421875,2102.949951171875
2016-07-05,4822.89990234375,2088.550048828125
2016-07-06,4859.16015625,2099.72998046875
2016-07-07,4876.81005859375,2097.89990234375
2016-07-08,4956.759765625,2129.89990234375
2016-07-11,4988.64013671875,2137.159912109375
2016-07-12,5022.81982421875,2152.139892578125
2016-07-13,5005.72998046875,2152.429931640625
2016-07-14,5034.06005859375,2163.75
2016-07-15,5029.58984375,2161.739990234375
2016-07-18,5055.77978515625,2166.889892578125
2016-07-19,5036.3701171875,2163.780029296875
2016-07-20,5089.93017578125,2173.02001953125
2016-07-21,5073.89990234375,2165.169921875
2016-07-22,5100.16015625,2175.030029296875
2016-07-25,5097.6298828125,2168.47998046875
2016-07-26,5110.0498046875,2169.179931640625
2016-07-27,5139.81005859375,2166.580078125
2016-07-28,5154.97998046875,2170.06005859375
2016-07-29,5162.1298828125,2173.60009765625
2016-08-01,5184.2001953125,2170.840087890625
2016-08-02,5137.72998046875,2157.030029296875
2016-08-03,5159.740234375,2163.7900390625
2016-08-04,5166.25,2164.25
2016-08-05,5221.1201171875,2182.8701171875
2016-08-08,5213.14013671875,2180.889892578125
2016-08-09,5225.47998046875,2181.739990234375
2016-08-10,5204.580078125,2175.489990234375
2016-08-11,5228.39990234375,2185.7900390625
2016-08-12,5232.89013671875,2184.050048828125
2016-08-15,5262.02001953125,2190.14990234375
2016-08-16,5227.10986328125,2178.14990234375
2016-08-17,5228.66015625,2182.219970703125
2016-08-18,5240.14990234375,2187.02001953125
2016-08-19,5238.3798828125,2183.8701171875
2016-08-22,5244.60009765625,2182.639892578125
2016-08-23,5260.080078125,2186.89990234375
2016-08-24,5217.68994140625,2175.43994140625
2016-08-25,5212.2001953125,2172.469970703125
2016-08-26,5218.919921875,2169.0400390625
2016-08-29,5232.330078125,2180.3798828125
2016-08-30,5222.990234375,2176.1201171875
2016-08-31,5213.22021484375,2170.949951171875
2016-09-01,5227.2099609375,2170.860107421875
2016-09-02,5249.89990234375,2179.97998046875
2016-09-06,5275.91015625,2186.47998046875
2016-09-07,5283.93017578125,2186.159912109375
2016-09-08,5259.47998046875,2181.300048828125
2016-09-09,5125.91015625,2127.81005859375
2016-09-12,5211.89013671875,2159.0400390625
2016-09-13,5155.25,2127.02001953125
2016-09-14,5173.77001953125,2125.77001953125
2016-09-15,5249.68994140625,2147.260009765625
2016-09-16,5244.56982421875,2139.159912109375
2016-09-19,5235.02978515625,2139.1201171875
2016-09-20,5241.35009765625,2139.760009765625
2016-09-21,5295.18017578125,2163.1201171875
2016-09-22,5339.52001953125,2177.179931640625
2016-09-23,5305.75,2164.68994140625
2016-09-26,5257.490234375,2146.10009765625
2016-09-27,5305.7099609375,2159.929931640625
2016-09-28,5318.5498046875,2171.3701171875
2016-09-29,5269.14990234375,2151.1298828125
2016-09-30,5312.0,2168.27001953125
2016-10-03,5300.8701171875,2161.199951171875
2016-10-04,5289.66015625,2150.489990234375
2016-10-05,5316.02001953125,2159.72998046875
2016-10-06,5306.85009765625,2160.77001953125
2016-10-07,5292.39990234375,2153.739990234375
2016-10-10,5328.669921875,2163.659912109375
2016-10-11,5246.7900390625,2136.72998046875
2016-10-12,5239.02001953125,2139.179931640625
2016-10-13,5213.330078125,2132.550048828125
2016-10-14,5214.16015625,2132.97998046875
2016-10-17,5199.81982421875,2126.5
2016-10-18,5243.83984375,2139.60009765625
2016-10-19,5246.41015625,2144.2900390625
2016-10-20,5241.830078125,2141.340087890625
2016-10-21,5257.39990234375,2141.159912109375
2016-10-24,5309.830078125,2151.330078125
2016-10-25,5283.39990234375,2143.159912109375
2016-10-26,5250.27001953125,2139.429931640625
2016-10-27,5215.97021484375,2133.0400390625
2016-10-28,5190.10009765625,2126.409912109375
2016-10-31,5189.14013671875,2126.14990234375
2016-11-01,5153.580078125,2111.719970703125
2016-11-02,5105.56982421875,2097.93994140625
2016-11-03,5058.41015625,2088.659912109375
2016-11-04,5046.3701171875,2085.179931640625
2016-11-07,5166.169921875,2131.52001953125
2016-11-08,5193.490234375,2139.56005859375
2016-11-09,5251.06982421875,2163.260009765625
2016-11-10,5208.7998046875,2167.47998046875
2016-11-11,5237.10986328125,2164.449951171875
2016-11-14,5218.39990234375,2164.199951171875
2016-11-15,5275.6201171875,2180.389892578125
2016-11-16,5294.580078125,2176.93994140625
2016-11-17,5333.97021484375,2187.1201171875
2016-11-18,5321.509765625,2181.89990234375
2016-11-21,5368.85986328125,2198.179931640625
2016-11-22,5386.35009765625,2202.93994140625
2016-11-23,5380.68017578125,2204.719970703125
2016-11-25,5398.919921875,2213.35009765625
2016-11-28,5368.81005859375,2201.719970703125
2016-11-29,5379.919921875,2204.659912109375
2016-11-30,5323.68017578125,2198.81005859375
2016-12-01,5251.10986328125,2191.080078125
2016-12-02,5255.64990234375,2191.949951171875
2016-12-05,5308.89013671875,2204.7099609375
2016-12-06,5333.0,2212.22998046875
2016-12-07,5393.759765625,2241.35009765625
2016-12-08,5417.35986328125,2246.18994140625
2016-12-09,5444.5,2259.530029296875
2016-12-12,5412.5400390625,2256.9599609375
2016-12-13,5463.830078125,2271.719970703125
2016-12-14,5436.669921875,2253.280029296875
2016-12-15,5456.85009765625,2262.030029296875
2016-12-16,5437.16015625,2258.070068359375
2016-12-19,5457.43994140625,2262.530029296875
2016-12-20,5483.93994140625,2270.760009765625
2016-12-21,5471.43017578125,2265.179931640625
2016-12-22,5447.419921875,2260.9599609375
2016-12-23,5462.68994140625,2263.7900390625
2016-12-27,5487.43994140625,2268.8798828125
2016-12-28,5438.56005859375,2249.919921875
2016-12-29,5432.08984375,2249.260009765625
2016-12-30,5383.1201171875,2238.830078125
2017-01-03,5429.080078125,2257.830078125
2017-01-04,5477.0,2270.75
2017-01-05,5487.93994140625,2269.0
2017-01-06,5521.06005859375,2276.97998046875
2017-01-09,5531.81982421875,2268.89990234375
2017-01-10,5551.81982421875,2268.89990234375
2017-01-11,5563.64990234375,2275.320068359375
2017-01-12,5547.490234375,2270.43994140625
2017-01-13,5574.1201171875,2274.639892578125
2017-01-17,5538.72998046875,2267.889892578125
2017-01-18,5555.64990234375,2271.889892578125
2017-01-19,5540.080078125,2263.68994140625
2017-01-20,5555.330078125,2271.31005859375
2017-01-23,5552.93994140625,2265.199951171875
2017-01-24,5600.9599609375,2280.070068359375
2017-01-25,5656.33984375,2298.3701171875
2017-01-26,5655.18017578125,2296.679931640625
2017-01-27,5660.77978515625,2294.68994140625
2017-01-30,5613.7099609375,2280.89990234375
2017-01-31,5614.7900390625,2278.8701171875
2017-02-01,5642.64990234375,2279.550048828125
2017-02-02,5636.2001953125,2280.85009765625
2017-02-03,5666.77001953125,2297.419921875
2017-02-06,5663.5498046875,2292.56005859375
2017-02-07,5674.22021484375,2293.080078125
2017-02-08,5682.4501953125,2294.669921875
2017-02-09,5715.18017578125,2307.8701171875
2017-02-10,5734.1298828125,2316.10009765625
2017-02-13,5763.9599609375,2328.25
2017-02-14,5782.56982421875,2337.580078125
2017-02-15,5819.43994140625,2349.25
2017-02-16,5814.89990234375,2347.219970703125
2017-02-17,5838.580078125,2351.159912109375
2017-02-21,5865.9501953125,2365.3798828125
2017-02-22,5860.6298828125,2362.820068359375
2017-02-23,5835.509765625,2363.81005859375
2017-02-24,5845.31005859375,2367.340087890625
2017-02-27,5861.89990234375,2369.75
2017-02-28,5825.43994140625,2363.639892578125
2017-03-01,5904.02978515625,2395.9599609375
2017-03-02,5861.22021484375,2381.919921875
2017-03-03,5870.75,2383.1201171875
2017-03-06,5849.18017578125,2375.31005859375
2017-03-07,5833.93017578125,2368.389892578125
2017-03-08,5837.5498046875,2362.97998046875
2017-03-09,5838.81005859375,2364.8701171875
2017-03-10,5861.72998046875,2372.60009765625
2017-03-13,5875.77978515625,2373.469970703125
2017-03-14,5856.81982421875,2365.449951171875
2017-03-15,5900.0498046875,2385.260009765625
2017-03-16,5900.759765625,2381.3798828125
2017-03-17,5901.0,2378.25
2017-03-20,5901.52978515625,2373.469970703125
2017-03-21,5793.830078125,2344.02001953125
2017-03-22,5821.64013671875,2348.449951171875
2017-03-23,5817.68994140625,2345.9599609375
2017-03-24,5828.740234375,2343.97998046875
2017-03-27,5840.3701171875,2341.590087890625
2017-03-28,5875.14013671875,2358.570068359375
2017-03-29,5897.5498046875,2361.1298828125
2017-03-30,5914.33984375,2368.06005859375
2017-03-31,5911.740234375,2362.719970703125
2017-04-03,5894.68017578125,2358.840087890625
2017-04-04,5898.60986328125,2360.159912109375
2017-04-05,5864.47998046875,2352.949951171875
2017-04-06,5878.9501953125,2357.489990234375
2017-04-07,5877.81005859375,2355.5400390625
2017-04-10,5880.93017578125,2357.159912109375
2017-04-11,5866.77001953125,2353.780029296875
2017-04-12,5836.16015625,2344.929931640625
2017-04-13,5805.14990234375,2328.949951171875
2017-04-17,5856.7900390625,2349.010009765625
2017-04-18,5849.47021484375,2342.18994140625
2017-04-19,5863.02978515625,2338.169921875
2017-04-20,5916.77978515625,2355.840087890625
2017-04-21,5910.52001953125,2348.68994140625
2017-04-24,5983.81982421875,2374.14990234375
2017-04-25,6025.490234375,2388.610107421875
2017-04-26,6025.22998046875,2387.449951171875
2017-04-27,6048.93994140625,2388.77001953125
2017-04-28,6047.60986328125,2384.199951171875
2017-05-01,6091.60009765625,2388.330078125
2017-05-02,6095.3701171875,2391.169921875
2017-05-03,6072.5498046875,2388.1298828125
2017-05-04,6075.33984375,2389.52001953125
2017-05-05,6100.759765625,2399.2900390625
2017-05-08,6102.66015625,2399.3798828125
2017-05-09,6120.58984375,2396.919921875
2017-05-10,6129.14013671875,2399.6298828125
2017-05-11,6115.9599609375,2394.43994140625
2017-05-12,6121.22998046875,2390.89990234375
2017-05-15,6149.669921875,2402.320068359375
2017-05-16,6169.8701171875,2400.669921875
2017-05-17,6011.240234375,2357.030029296875
2017-05-18,6055.1298828125,2365.719970703125
2017-05-19,6083.7001953125,2381.72998046875
2017-05-22,6133.6201171875,2394.02001953125
2017-05-23,6138.7099609375,2398.419921875
2017-05-24,6163.02001953125,2404.389892578125
2017-05-25,6205.259765625,2415.070068359375
2017-05-26,6210.18994140625,2415.820068359375
2017-05-30,6203.18994140625,2412.909912109375
2017-05-31,6198.52001953125,2411.800048828125
2017-06-01,6246.830078125,2430.06005859375
2017-06-02,6305.7998046875,2439.070068359375
2017-06-05,6295.68017578125,2436.10009765625
2017-06-06,6275.06005859375,2429.330078125
2017-06-07,6297.3798828125,2433.139892578125
2017-06-08,6321.759765625,2433.7900390625
2017-06-09,6207.919921875,2431.77001953125
2017-06-12,6175.4599609375,2429.389892578125
2017-06-13,6220.3701171875,2440.35009765625
2017-06-14,6194.89013671875,2437.919921875
2017-06-15,6165.5,2432.4599609375
2017-06-16,6151.759765625,2433.14990234375
2017-06-19,6239.009765625,2453.4599609375
2017-06-20,6188.02978515625,2437.030029296875
2017-06-21,6233.9501953125,2435.610107421875
2017-06-22,6236.68994140625,2434.5
2017-06-23,6265.25,2438.300048828125
2017-06-26,6247.14990234375,2439.070068359375
2017-06-27,6146.6201171875,2419.3798828125
2017-06-28,6234.41015625,2440.68994140625
2017-06-29,6144.35009765625,2419.699951171875
2017-06-30,6140.419921875,2423.409912109375
2017-07-03,6110.06005859375,2429.010009765625
2017-07-05,6150.85986328125,2432.5400390625
2017-07-06,6089.4599609375,2409.75
2017-07-07,6153.080078125,2425.179931640625
2017-07-10,6176.39013671875,2427.429931640625
2017-07-11,6193.2998046875,2425.530029296875
2017-07-12,6261.169921875,2443.25
2017-07-13,6274.43994140625,2447.830078125
2017-07-14,6312.47021484375,2459.27001953125
2017-07-17,6314.43017578125,2459.139892578125
2017-07-18,6344.31005859375,2460.610107421875
2017-07-19,6385.0400390625,2473.830078125
2017-07-20,6390.0,2473.449951171875
2017-07-21,6387.75,2472.5400390625
2017-07-24,6410.81005859375,2469.909912109375
2017-07-25,6412.169921875,2477.1298828125
2017-07-26,6422.75,2477.830078125
2017-07-27,6382.18994140625,2475.419921875
2017-07-28,6374.68017578125,2472.10009765625
2017-07-31,6348.1201171875,2470.300048828125
2017-08-01,6362.93994140625,2476.35009765625
2017-08-02,6362.64990234375,2477.570068359375
2017-08-03,6340.33984375,2472.159912109375
2017-08-04,6351.56005859375,2476.830078125
2017-08-07,6383.77001953125,2480.909912109375
2017-08-08,6370.4599609375,2474.919921875
2017-08-09,6352.330078125,2474.02001953125
2017-08-10,6216.8701171875,2438.2099609375
2017-08-11,6256.56005859375,2441.320068359375
2017-08-14,6340.22998046875,2465.840087890625
2017-08-15,6333.009765625,2464.610107421875
2017-08-16,6345.10986328125,2468.110107421875
2017-08-17,6221.91015625,2430.010009765625
2017-08-18,6216.52978515625,2425.550048828125
2017-08-21,6213.1298828125,2428.3701171875
2017-08-22,6297.47998046875,2452.510009765625
2017-08-23,6278.41015625,2444.0400390625
2017-08-24,6271.330078125,2438.969970703125
2017-08-25,6265.64013671875,2443.050048828125
2017-08-28,6283.02001953125,2444.239990234375
2017-08-29,6301.89013671875,2446.300048828125
2017-08-30,6368.31005859375,2457.590087890625
2017-08-31,6428.66015625,2471.64990234375
2017-09-01,6435.330078125,2476.550048828125
2017-09-05,6375.56982421875,2457.85009765625
2017-09-06,6393.31005859375,2465.5400390625
2017-09-07,6397.8701171875,2465.10009765625
2017-09-08,6360.18994140625,2461.429931640625
2017-09-11,6432.259765625,2488.110107421875
2017-09-12,6454.27978515625,2496.47998046875
2017-09-13,6460.18994140625,2498.3701171875
2017-09-14,6429.080078125,2495.6201171875
2017-09-15,6448.47021484375,2500.22998046875
2017-09-18,6454.64013671875,2503.8701171875
2017-09-19,6461.31982421875,2506.64990234375
2017-09-20,6456.0400390625,2508.239990234375
2017-09-21,6422.68994140625,2500.60009765625
2017-09-22,6426.919921875,2502.219970703125
2017-09-25,6370.58984375,2496.659912109375
2017-09-26,6380.16015625,2496.840087890625
2017-09-27,6453.259765625,2507.0400390625
2017-09-28,6453.4501953125,2510.06005859375
2017-09-29,6495.9599609375,2519.360107421875
2017-10-02,6516.72021484375,2529.1201171875
2017-10-03,6531.7099609375,2534.580078125
2017-10-04,6534.6298828125,2537.739990234375
2017-10-05,6585.35986328125,2552.070068359375
2017-10-06,6590.18017578125,2549.330078125
2017-10-09,6579.72998046875,2544.72998046875
2017-10-10,6587.25,2550.639892578125
2017-10-11,6603.5498046875,2555.239990234375
2017-10-12,6591.509765625,2550.929931640625
2017-10-13,6605.7998046875,2553.169921875
2017-10-16,6624.0,2557.639892578125
2017-10-17,6623.66015625,2559.360107421875
2017-10-18,6624.22021484375,2561.260009765625
2017-10-19,6605.06982421875,2562.10009765625
2017-10-20,6629.0498046875,2575.2099609375
2017-10-23,6586.830078125,2564.97998046875
2017-10-24,6598.43017578125,2569.1298828125
2017-10-25,6563.89013671875,2557.14990234375
2017-10-26,6556.77001953125,2560.39990234375
2017-10-27,6701.259765625,2581.070068359375
2017-10-30,6698.9599609375,2572.830078125
2017-10-31,6727.669921875,2575.260009765625
2017-11-01,6716.52978515625,2579.360107421875
2017-11-02,6714.93994140625,2579.85009765625
2017-11-03,6764.43994140625,2587.840087890625
2017-11-06,6786.43994140625,2591.1298828125
2017-11-07,6767.77978515625,2590.639892578125
2017-11-08,6789.1201171875,2594.3798828125
2017-11-09,6750.0498046875,2584.6201171875
2017-11-10,6750.93994140625,2582.300048828125
2017-11-13,6757.60009765625,2584.840087890625
2017-11-14,6737.8701171875,2578.8701171875
2017-11-15,6706.2099609375,2564.6201171875
2017-11-16,6793.2900390625,2585.639892578125
2017-11-17,6782.7900390625,2578.85009765625
2017-11-20,6790.7099609375,2582.139892578125
2017-11-21,6862.47998046875,2599.030029296875
2017-11-22,6867.35986328125,2597.080078125
2017-11-24,6889.16015625,2602.419921875
2017-11-27,6878.52001953125,2601.419921875
2017-11-28,6912.35986328125,2627.0400390625
2017-11-29,6824.39013671875,2626.070068359375
2017-11-30,6873.97021484375,2647.580078125
2017-12-01,6847.58984375,2642.219970703125
2017-12-04,6775.3701171875,2639.43994140625
2017-12-05,6762.2099609375,2629.570068359375
2017-12-06,6776.3798828125,2629.27001953125
2017-12-07,6812.83984375,2636.97998046875
2017-12-08,6840.080078125,2651.5
2017-12-11,6875.080078125,2659.989990234375
2017-12-12,6862.31982421875,2664.110107421875
2017-12-13,6875.7998046875,2662.85009765625
2017-12-14,6856.52978515625,2652.010009765625
2017-12-15,6936.580078125,2675.81005859375
2017-12-18,6994.759765625,2690.159912109375
2017-12-19,6963.85009765625,2681.469970703125
2017-12-20,6960.9599609375,2679.25
2017-12-21,6965.35986328125,2684.570068359375
2017-12-22,6959.9599609375,2683.340087890625
2017-12-26,6936.25,2680.5
2017-12-27,6939.33984375,2682.6201171875
2017-12-28,6950.16015625,2687.5400390625
2017-12-29,6903.39013671875,2673.610107421875
2018-01-02,7006.89990234375,2695.81005859375
2018-01-03,7065.52978515625,2713.06005859375
2018-01-04,7077.91015625,2723.989990234375
2018-01-05,7136.56005859375,2743.14990234375
2018-01-08,7157.39013671875,2747.7099609375
2018-01-09,7163.580078125,2751.2900390625
2018-01-10,7153.56982421875,2748.22998046875
2018-01-11,7211.77978515625,2767.56005859375
2018-01-12,7261.06005859375,2786.239990234375
2018-01-16,7223.68994140625,2776.419921875
2018-01-17,7298.27978515625,2802.56005859375
2018-01-18,7296.0498046875,2798.030029296875
2018-01-19,7336.3798828125,2810.300048828125
2018-01-22,7408.02978515625,2832.969970703125
2018-01-23,7460.2900390625,2839.1298828125
2018-01-24,7415.06005859375,2837.5400390625
2018-01-25,7411.16015625,2839.25
2018-01-26,7505.77001953125,2872.8701171875
2018-01-29,7466.509765625,2853.530029296875
2018-01-30,7402.47998046875,2822.429931640625
2018-01-31,7411.47998046875,2823.81005859375
2018-02-01,7385.85986328125,2821.97998046875
2018-02-02,7240.9501953125,2762.1298828125
2018-02-05,6967.52978515625,2648.93994140625
2018-02-06,7115.8798828125,2695.139892578125
2018-02-07,7051.97998046875,2681.659912109375
2018-02-08,6777.16015625,2581.0
2018-02-09,6874.490234375,2619.550048828125
2018-02-12,6981.9599609375,2656.0
2018-02-13,7013.509765625,2662.93994140625
2018-02-14,7143.6201171875,2698.6298828125
2018-02-15,7256.43017578125,2731.199951171875
2018-02-16,7239.47021484375,2732.219970703125
2018-02-20,7234.31005859375,2716.260009765625
2018-02-21,7218.22998046875,2701.330078125
2018-02-22,7210.08984375,2703.9599609375
2018-02-23,7337.39013671875,2747.300048828125
2018-02-26,7421.4599609375,2779.60009765625
2018-02-27,7330.35009765625,2744.280029296875
2018-02-28,7273.009765625,2713.830078125
2018-03-01,7180.56005859375,2677.669921875
2018-03-02,7257.8701171875,2691.25
2018-03-05,7330.7099609375,2720.93994140625
2018-03-06,7372.009765625,2728.1201171875
2018-03-07,7396.64990234375,2726.800048828125
2018-03-08,7427.9501953125,2738.969970703125
2018-03-09,7560.81005859375,2786.570068359375
2018-03-12,7588.31982421875,2783.02001953125
2018-03-13,7511.009765625,2765.31005859375
2018-03-14,7496.81005859375,2749.47998046875
2018-03-15,7481.740234375,2747.330078125
2018-03-16,7481.990234375,2752.010009765625
2018-03-19,7344.240234375,2712.919921875
2018-03-20,7364.2998046875,2716.93994140625
2018-03-21,7345.2900390625,2711.929931640625
2018-03-22,7166.68017578125,2643.68994140625
2018-03-23,6992.669921875,2588.260009765625
2018-03-26,7220.5400390625,2658.550048828125
2018-03-27,7008.81005859375,2612.6201171875
2018-03-28,6949.22998046875,2605.0
2018-03-29,7063.4501953125,2640.8701171875
2018-04-02,6870.1201171875,2581.8798828125
2018-04-03,6941.27978515625,2614.449951171875
2018-04-04,7042.10986328125,2644.68994140625
2018-04-05,7076.5498046875,2662.840087890625
2018-04-06,6915.10986328125,2604.469970703125
2018-04-09,6950.33984375,2613.159912109375
2018-04-10,7094.2998046875,2656.8701171875
2018-04-11,7069.02978515625,2642.18994140625
2018-04-12,7140.25,2663.989990234375
2018-04-13,7106.64990234375,2656.300048828125
2018-04-16,7156.27978515625,2677.840087890625
2018-04-17,7281.10009765625,2706.389892578125
2018-04-18,7295.240234375,2708.639892578125
2018-04-19,7238.06005859375,2693.1298828125
2018-04-20,7146.1298828125,2670.139892578125
2018-04-23,7128.60009765625,2670.2900390625
2018-04-24,7007.35009765625,2634.56005859375
2018-04-25,7003.740234375,2639.39990234375
2018-04-26,7118.68017578125,2666.93994140625
2018-04-27,7119.7998046875,2669.909912109375
2018-04-30,7066.27001953125,2648.050048828125
2018-05-01,7130.7001953125,2654.800048828125
2018-05-02,7100.89990234375,2635.669921875
2018-05-03,7088.14990234375,2629.72998046875
2018-05-04,7209.6201171875,2663.419921875
2018-05-07,7265.2099609375,2672.6298828125
2018-05-08,7266.89990234375,2671.919921875
2018-05-09,7339.91015625,2697.7900390625
2018-05-10,7404.97021484375,2723.070068359375
2018-05-11,7402.8798828125,2727.719970703125
2018-05-14,7411.31982421875,2730.1298828125
2018-05-15,7351.6298828125,2711.449951171875
2018-05-16,7398.2998046875,2722.4599609375
2018-05-17,7382.47021484375,2720.1298828125
2018-05-18,7354.33984375,2712.969970703125
2018-05-21,7394.0400390625,2733.010009765625
2018-05-22,7378.4599609375,2724.43994140625
2018-05-23,7425.9599609375,2733.2900390625
2018-05-24,7424.43017578125,2727.760009765625
2018-05-25,7433.85009765625,2721.330078125
2018-05-29,7396.58984375,2689.860107421875
2018-05-30,7462.4501953125,2724.010009765625
2018-05-31,7442.1201171875,2705.27001953125
2018-06-01,7554.330078125,2734.6201171875
2018-06-04,7606.4599609375,2746.8701171875
2018-06-05,7637.85986328125,2748.800048828125
2018-06-06,7689.240234375,2772.35009765625
2018-06-07,7635.06982421875,2770.3701171875
2018-06-08,7645.509765625,2779.030029296875
2018-06-11,7659.93017578125,2782.0
2018-06-12,7703.7900390625,2786.85009765625
2018-06-13,7695.7001953125,2775.6298828125
2018-06-14,7761.0400390625,2782.489990234375
2018-06-15,7746.3798828125,2779.659912109375
2018-06-18,7747.02978515625,2773.75
2018-06-19,7725.58984375,2762.590087890625
2018-06-20,7781.509765625,2767.320068359375
2018-06-21,7712.9501953125,2749.760009765625
2018-06-22,7692.81982421875,2754.8798828125
2018-06-25,7532.009765625,2717.070068359375
2018-06-26,7561.6298828125,2723.06005859375
2018-06-27,7445.080078125,2699.6298828125
2018-06-28,7503.68017578125,2716.31005859375
2018-06-29,7510.2998046875,2718.3701171875
2018-07-02,7567.68994140625,2726.7099609375
2018-07-03,7502.669921875,2713.219970703125
2018-07-05,7586.43017578125,2736.610107421875
2018-07-06,7688.39013671875,2759.820068359375
2018-07-09,7756.2001953125,2784.169921875
2018-07-10,7759.2001953125,2793.840087890625
2018-07-11,7716.60986328125,2774.02001953125
2018-07-12,7823.919921875,2798.2900390625
2018-07-13,7825.97998046875,2801.31005859375
2018-07-16,7805.72021484375,2798.429931640625
2018-07-17,7855.1201171875,2809.550048828125
2018-07-18,7854.43994140625,2815.6201171875
2018-07-19,7825.2998046875,2804.489990234375
2018-07-20,7820.2001953125,2801.830078125
2018-07-23,7841.8701171875,2806.97998046875
2018-07-24,7840.77001953125,2820.39990234375
2018-07-25,7932.240234375,2846.070068359375
2018-07-26,7852.18017578125,2837.43994140625
2018-07-27,7737.419921875,2818.820068359375
2018-07-30,7630.0,2802.60009765625
2018-07-31,7671.7900390625,2816.2900390625
2018-08-01,7707.2900390625,2813.360107421875
2018-08-02,7802.68994140625,2827.219970703125
2018-08-03,7812.009765625,2840.35009765625
2018-08-06,7859.68017578125,2850.39990234375
2018-08-07,7883.66015625,2858.449951171875
2018-08-08,7888.330078125,2857.699951171875
2018-08-09,7891.77978515625,2853.580078125
2018-08-10,7839.10986328125,2833.280029296875
2018-08-13,7819.7099609375,2821.929931640625
2018-08-14,7870.89013671875,2839.9599609375
2018-08-15,7774.1201171875,2818.3701171875
2018-08-16,7806.52001953125,2840.68994140625
2018-08-17,7816.330078125,2850.1298828125
2018-08-20,7821.009765625,2857.050048828125
2018-08-21,7859.169921875,2862.9599609375
2018-08-22,7889.10009765625,2861.820068359375
2018-08-23,7878.4599609375,2856.97998046875
2018-08-24,7945.97998046875,2874.68994140625
2018-08-27,8017.89990234375,2896.739990234375
2018-08-28,8030.0400390625,2897.52001953125
2018-08-29,8109.68994140625,2914.0400390625
2018-08-30,8088.35986328125,2901.1298828125
2018-08-31,8109.5400390625,2901.52001953125
2018-09-04,8091.25,2896.719970703125
2018-09-05,7995.169921875,2888.60009765625
2018-09-06,7922.72998046875,2878.050048828125
2018-09-07,7902.5400390625,2871.679931640625
2018-09-10,7924.16015625,2877.1298828125
2018-09-11,7972.47021484375,2887.889892578125
2018-09-12,7954.22998046875,2888.919921875
2018-09-13,8013.7099609375,2904.179931640625
2018-09-14,8010.0400390625,2904.97998046875
2018-09-17,7895.7900390625,2888.800048828125
2018-09-18,7956.10986328125,2904.31005859375
2018-09-19,7950.0400390625,2907.949951171875
2018-09-20,8028.22998046875,2930.75
2018-09-21,7986.9599609375,2929.669921875
2018-09-24,7993.25,2919.3701171875
2018-09-25,8007.47021484375,2915.56005859375
2018-09-26,7990.3701171875,2905.969970703125
2018-09-27,8041.97021484375,2914.0
2018-09-28,8046.35009765625,2913.97998046875
2018-10-01,8037.2998046875,2924.590087890625
2018-10-02,7999.5498046875,2923.429931640625
2018-10-03,8025.08984375,2925.510009765625
2018-10-04,7879.509765625,2901.610107421875
2018-10-05,7788.4501953125,2885.570068359375
2018-10-08,7735.9501953125,2884.429931640625
2018-10-09,7738.02001953125,2880.340087890625
2018-10-10,7422.0498046875,2785.679931640625
2018-10-11,7329.06005859375,2728.3701171875
2018-10-12,7496.89013671875,2767.1298828125
2018-10-15,7430.740234375,2750.7900390625
2018-10-16,7645.490234375,2809.919921875
2018-10-17,7642.7001953125,2809.2099609375
2018-10-18,7485.14013671875,2768.780029296875
2018-10-19,7449.02978515625,2767.780029296875
2018-10-22,7468.6298828125,2755.8798828125
2018-10-23,7437.5400390625,2740.68994140625
2018-10-24,7108.39990234375,2656.10009765625
2018-10-25,7318.33984375,2705.570068359375
2018-10-26,7167.2099609375,2658.68994140625
2018-10-29,7050.2900390625,2641.25
2018-10-30,7161.64990234375,2682.6298828125
2018-10-31,7305.89990234375,2711.739990234375
2018-11-01,7434.06005859375,2740.3701171875
2018-11-02,7356.990234375,2723.06005859375
2018-11-05,7328.85009765625,2738.31005859375
2018-11-06,7375.9599609375,2755.449951171875
2018-11-07,7570.75,2813.889892578125
2018-11-08,7530.8798828125,2806.830078125
2018-11-09,7406.89990234375,2781.010009765625
2018-11-12,7200.8701171875,2726.219970703125
2018-11-13,7200.8701171875,2722.179931640625
2018-11-14,7136.39013671875,2701.580078125
2018-11-15,7259.02978515625,2730.199951171875
2018-11-16,7247.8701171875,2736.27001953125
2018-11-19,7028.47998046875,2690.72998046875
2018-11-20,6908.81982421875,2641.889892578125
2018-11-21,6972.25,2649.929931640625
2018-11-23,6938.97998046875,2632.56005859375
2018-11-26,7081.85009765625,2673.449951171875
2018-11-27,7082.7001953125,2682.169921875
2018-11-28,7291.58984375,2743.7900390625
2018-11-29,7273.080078125,2737.800048828125
2018-11-30,7330.5400390625,2760.169921875
2018-12-03,7441.509765625,2790.3701171875
2018-12-04,7158.43017578125,2700.06005859375
2018-12-06,7188.259765625,2695.949951171875
2018-12-07,6969.25,2633.080078125
2018-12-10,7020.52001953125,2637.719970703125
2018-12-11,7031.830078125,2636.780029296875
2018-12-12,7098.31005859375,2651.070068359375
2018-12-13,7070.330078125,2650.5400390625
2018-12-14,6910.66015625,2599.949951171875
2018-12-17,6753.72998046875,2545.93994140625
2018-12-18,6783.91015625,2546.159912109375
2018-12-19,6636.830078125,2506.9599609375
2018-12-20,6528.41015625,2467.419921875
2018-12-21,6332.990234375,2416.6201171875
2018-12-24,6192.919921875,2351.10009765625
2018-12-26,6554.35986328125,2467.699951171875
2018-12-27,6579.490234375,2488.830078125
2018-12-28,6584.52001953125,2485.739990234375
2018-12-31,6635.27978515625,2506.85009765625
2019-01-02,6665.93994140625,2510.030029296875
2019-01-03,6463.5,2447.889892578125
2019-01-04,6738.85986328125,2531.93994140625
2019-01-07,6823.47021484375,2549.68994140625
2019-01-08,6897.0,2574.409912109375
2019-01-09,6957.080078125,2584.9599609375
2019-01-10,6986.06982421875,2596.639892578125
2019-01-11,6971.47998046875,2596.260009765625
2019-01-14,6905.919921875,2582.610107421875
2019-01-15,7023.830078125,2610.300048828125
2019-01-16,7034.68994140625,2616.10009765625
2019-01-17,7084.4599609375,2635.9599609375
2019-01-18,7157.22998046875,2670.7099609375
2019-01-22,7020.35986328125,2632.89990234375
2019-01-23,7025.77001953125,2638.699951171875
2019-01-24,7073.4599609375,2642.330078125
2019-01-25,7164.85986328125,2664.760009765625
2019-01-28,7085.68017578125,2643.85009765625
2019-01-29,7028.2900390625,2640.0
2019-01-30,7183.080078125,2681.050048828125
2019-01-31,7281.740234375,2704.10009765625
2019-02-01,7263.8701171875,2706.530029296875
2019-02-04,7347.5400390625,2724.8701171875
2019-02-05,7402.080078125,2737.699951171875
2019-02-06,7375.27978515625,2731.610107421875
2019-02-07,7288.35009765625,2706.050048828125
2019-02-08,7298.2001953125,2707.8798828125
2019-02-11,7307.89990234375,2709.800048828125
2019-02-12,7414.6201171875,2744.72998046875
2019-02-13,7420.3798828125,2753.030029296875
2019-02-14,7426.9501953125,2745.72998046875
2019-02-15,7472.41015625,2775.60009765625
2019-02-19,7486.77001953125,2779.760009765625
2019-02-20,7489.06982421875,2784.699951171875
2019-02-21,7459.7099609375,2774.8798828125
2019-02-22,7527.5400390625,2792.669921875
2019-02-25,7554.4599609375,2796.110107421875
2019-02-26,7549.2998046875,2793.89990234375
2019-02-27,7554.509765625,2792.3798828125
2019-02-28,7532.52978515625,2784.489990234375
2019-03-01,7595.35009765625,2803.68994140625
2019-03-04,7577.56982421875,2792.81005859375
2019-03-05,7576.35986328125,2789.64990234375
2019-03-06,7505.919921875,2771.449951171875
2019-03-07,7421.4599609375,2748.929931640625
2019-03-08,7408.14013671875,2743.070068359375
2019-03-11,7558.06005859375,2783.300048828125
2019-03-12,7591.02978515625,2791.52001953125
2019-03-13,7643.41015625,2810.919921875
2019-03-14,7630.91015625,2808.47998046875
2019-03-15,7688.52978515625,2822.47998046875
2019-03-18,7714.47998046875,2832.93994140625
2019-03-19,7723.9501953125,2832.570068359375
2019-03-20,7728.97021484375,2824.22998046875
2019-03-21,7838.9599609375,2854.8798828125
2019-03-22,7642.669921875,2800.7099609375
2019-03-25,7637.5400390625,2798.360107421875
2019-03-26,7691.52001953125,2818.4599609375
2019-03-27,7643.3798828125,2805.3701171875
2019-03-28,7669.169921875,2815.43994140625
2019-03-29,7729.31982421875,2834.39990234375
2019-04-01,7828.91015625,2867.18994140625
2019-04-02,7848.68994140625,2867.239990234375
2019-04-03,7895.5498046875,2873.39990234375
2019-04-04,7891.77978515625,2879.389892578125
2019-04-05,7938.68994140625,2892.739990234375
2019-04-08,7953.8798828125,2895.77001953125
2019-04-09,7909.27978515625,2878.199951171875
2019-04-10,7964.240234375,2888.2099609375
2019-04-11,7947.35986328125,2888.320068359375
2019-04-12,7984.16015625,2907.409912109375
2019-04-15,7976.009765625,2905.580078125
2019-04-16,8000.22998046875,2907.06005859375
2019-04-17,7996.080078125,2900.449951171875
2019-04-18,7998.06005859375,2905.030029296875
2019-04-22,8015.27001953125,2907.969970703125
2019-04-23,8120.81982421875,2933.679931640625
2019-04-24,8102.009765625,2927.25
2019-04-25,8118.68017578125,2926.169921875
2019-04-26,8146.39990234375,2939.8798828125
2019-04-29,8161.85009765625,2943.030029296875
2019-04-30,8095.39013671875,2945.830078125
2019-05-01,8049.64013671875,2923.72998046875
2019-05-02,8036.77001953125,2917.52001953125
2019-05-03,8164.0,2945.639892578125
2019-05-06,8123.2900390625,2932.469970703125
2019-05-07,7963.759765625,2884.050048828125
2019-05-08,7943.31982421875,2879.419921875
2019-05-09,7910.58984375,2870.719970703125
2019-05-10,7916.93994140625,2881.39990234375
2019-05-13,7647.02001953125,2811.8701171875
2019-05-14,7734.490234375,2834.409912109375
2019-05-15,7822.14990234375,2850.9599609375
2019-05-16,7898.0498046875,2876.320068359375
2019-05-17,7816.27978515625,2859.530029296875
2019-05-20,7702.3798828125,2840.22998046875
2019-05-21,7785.72021484375,2864.360107421875
2019-05-22,7750.83984375,2856.27001953125
2019-05-23,7628.27978515625,2822.239990234375
2019-05-24,7637.009765625,2826.06005859375
2019-05-28,7607.35009765625,2802.389892578125
2019-05-29,7547.31005859375,2783.02001953125
2019-05-30,7567.72021484375,2788.860107421875
2019-05-31,7453.14990234375,2752.06005859375
2019-06-03,7333.02001953125,2744.449951171875
2019-06-04,7527.1201171875,2803.27001953125
2019-06-05,7575.47998046875,2826.14990234375
2019-06-06,7615.5498046875,2843.489990234375
2019-06-07,7742.10009765625,2873.340087890625
2019-06-10,7823.169921875,2886.72998046875
2019-06-11,7822.56982421875,2885.719970703125
2019-06-12,7792.72021484375,2879.840087890625
2019-06-13,7837.1298828125,2891.639892578125
2019-06-14,7796.66015625,2886.97998046875
2019-06-17,7845.02001953125,2889.669921875
2019-06-18,7953.8798828125,2917.75
2019-06-19,7987.31982421875,2926.4599609375
2019-06-20,8051.33984375,2954.179931640625
2019-06-21,8031.7099609375,2950.4599609375
2019-06-24,8005.7001953125,2945.35009765625
2019-06-25,7884.72021484375,2917.3798828125
2019-06-26,7909.97021484375,2913.780029296875
2019-06-27,7967.759765625,2924.919921875
2019-06-28,8006.240234375,2941.760009765625
2019-07-01,8091.16015625,2964.330078125
2019-07-02,8109.08984375,2973.010009765625
2019-07-03,8170.22998046875,2995.820068359375
2019-07-05,8161.7900390625,2990.409912109375
2019-07-08,8098.3798828125,2975.949951171875
2019-07-09,8141.72998046875,2979.6298828125
2019-07-10,8202.5302734375,2993.070068359375
2019-07-11,8196.0400390625,2999.909912109375
2019-07-12,8244.1396484375,3013.77001953125
2019-07-15,8258.1904296875,3014.300048828125
2019-07-16,8222.7998046875,3004.0400390625
2019-07-17,8185.2099609375,2984.419921875
2019-07-18,8207.240234375,2995.110107421875
2019-07-19,8146.490234375,2976.610107421875
2019-07-22,8204.1396484375,2985.030029296875
2019-07-23,8251.400390625,3005.469970703125
2019-07-24,8321.5,3019.56005859375
2019-07-25,8238.5400390625,3003.669921875
2019-07-26,8330.2099609375,3025.860107421875
2019-07-29,8293.330078125,3020.969970703125
2019-07-30,8273.6103515625,3013.179931640625
2019-07-31,8175.419921875,2980.3798828125
2019-08-01,8111.1201171875,2953.56005859375
2019-08-02,8004.06982421875,2932.050048828125
2019-08-05,7726.0400390625,2844.739990234375
2019-08-06,7833.27001953125,2881.77001953125
2019-08-07,7862.830078125,2883.97998046875
2019-08-08,8039.16015625,2938.090087890625
2019-08-09,7959.14013671875,2918.64990234375
2019-08-12,7863.41015625,2882.699951171875
2019-08-13,8016.35986328125,2926.320068359375
2019-08-14,7773.93994140625,2840.60009765625
2019-08-15,7766.6201171875,2847.60009765625
2019-08-16,7895.990234375,2888.679931640625
2019-08-19,8002.81005859375,2923.64990234375
2019-08-20,7948.56005859375,2900.510009765625
2019-08-21,8020.2099609375,2924.429931640625
2019-08-22,7991.39013671875,2922.949951171875
2019-08-23,7751.77001953125,2847.110107421875
2019-08-26,7853.740234375,2878.3798828125
2019-08-27,7826.9501953125,2869.159912109375
2019-08-28,7856.8798828125,2887.93994140625
2019-08-29,7973.39013671875,2924.580078125
2019-08-30,7962.8798828125,2926.4599609375
2019-09-03,7874.16015625,2906.27001953125
2019-09-04,7976.8798828125,2937.780029296875
2019-09-05,8116.830078125,2976.0
2019-09-06,8103.06982421875,2978.7099609375
2019-09-09,8087.43994140625,2978.429931640625
2019-09-10,8084.16015625,2979.389892578125
2019-09-11,8169.68017578125,3000.929931640625
2019-09-12,8194.4697265625,3009.570068359375
2019-09-13,8176.7099609375,3007.389892578125
2019-09-16,8153.5400390625,2997.9599609375
2019-09-17,8186.02001953125,3005.699951171875
2019-09-18,8177.39013671875,3006.72998046875
2019-09-19,8182.8798828125,3006.7900390625
2019-09-20,8117.669921875,2992.070068359375
2019-09-23,8112.4599609375,2991.780029296875
2019-09-24,7993.6298828125,2966.60009765625
2019-09-25,8077.3798828125,2984.8701171875
2019-09-26,8030.66015625,2977.6201171875
2019-09-27,7939.6298828125,2961.7900390625
2019-09-30,7999.33984375,2976.739990234375
2019-10-01,7908.68017578125,2940.25
2019-10-02,7785.25,2887.610107421875
2019-10-03,7872.259765625,2910.6298828125
2019-10-04,7982.47021484375,2952.010009765625
2019-10-07,7956.2900390625,2938.7900390625
2019-10-08,7823.77978515625,2893.06005859375
2019-10-09,7903.740234375,2919.39990234375
2019-10-10,7950.77978515625,2938.1298828125
2019-10-11,8057.0400390625,2970.27001953125
2019-10-14,8048.64990234375,2966.14990234375
2019-10-15,8148.7099609375,2995.679931640625
2019-10-16,8124.18017578125,2989.68994140625
2019-10-17,8156.85009765625,2997.949951171875
2019-10-18,8089.5400390625,2986.199951171875
2019-10-21,8162.990234375,3006.719970703125
2019-10-22,8104.2998046875,2995.989990234375
2019-10-23,8119.7900390625,3004.52001953125
2019-10-24,8185.7998046875,3010.2900390625
2019-10-25,8243.1201171875,3022.550048828125
2019-10-28,8325.990234375,3039.419921875
2019-10-29,8276.849609375,3036.889892578125
2019-10-30,8303.98046875,3046.77001953125
2019-10-31,8292.3603515625,3037.56005859375
2019-11-01,8386.400390625,3066.909912109375
2019-11-04,8433.2001953125,3078.27001953125
2019-11-05,8434.6796875,3074.6201171875
2019-11-06,8410.6298828125,3076.780029296875
2019-11-07,8434.51953125,3085.179931640625
2019-11-08,8475.3095703125,3093.080078125
2019-11-11,8464.2802734375,3087.010009765625
2019-11-12,8486.08984375,3091.840087890625
2019-11-13,8482.099609375,3094.0400390625
2019-11-14,8479.01953125,3096.6298828125
2019-11-15,8540.830078125,3120.4599609375
2019-11-18,8549.9404296875,3122.030029296875
2019-11-19,8570.66015625,3120.179931640625
2019-11-20,8526.73046875,3108.4599609375
2019-11-21,8506.2099609375,3103.5400390625
2019-11-22,8519.8798828125,3110.2900390625
2019-11-25,8632.490234375,3133.639892578125
2019-11-26,8647.9296875,3140.52001953125
2019-11-27,8705.1796875,3153.6298828125
2019-11-29,8665.4697265625,3140.97998046875
2019-12-02,8567.990234375,3113.8701171875
2019-12-03,8520.6396484375,3093.199951171875
2019-12-04,8566.669921875,3112.760009765625
2019-12-05,8570.7001953125,3117.429931640625
2019-12-06,8656.5302734375,3145.909912109375
2019-12-09,8621.830078125,3135.9599609375
2019-12-10,8616.1796875,3132.52001953125
2019-12-11,8654.0498046875,3141.6298828125
2019-12-12,8717.3203125,3168.570068359375
2019-12-13,8734.8798828125,3168.800048828125
2019-12-16,8814.23046875,3191.449951171875
2019-12-17,8823.3603515625,3192.52001953125
2019-12-18,8827.740234375,3191.139892578125
2019-12-19,8887.2197265625,3205.3701171875
2019-12-20,8924.9599609375,3221.219970703125
2019-12-23,8945.650390625,3224.010009765625
2019-12-24,8952.8798828125,3223.3798828125
2019-12-26,9022.3896484375,3239.909912109375
2019-12-27,9006.6201171875,3240.02001953125
2019-12-30,8945.990234375,3221.2900390625
2019-12-31,8972.599609375,3230.780029296875
2020-01-02,9092.1904296875,3257.85009765625
2020-01-03,9020.76953125,3234.85009765625
2020-01-06,9071.4697265625,3246.280029296875
2020-01-07,9068.580078125,3237.179931640625
2020-01-08,9129.240234375,3253.050048828125
2020-01-09,9203.4296875,3274.699951171875
2020-01-10,9178.8603515625,3265.35009765625
2020-01-13,9273.9296875,3288.1298828125
2020-01-14,9251.330078125,3283.14990234375
2020-01-15,9258.7001953125,3289.2900390625
2020-01-16,9357.1298828125,3316.81005859375
2020-01-17,9388.9404296875,3329.6201171875
2020-01-21,9370.8095703125,3320.7900390625
2020-01-22,9383.76953125,3321.75
2020-01-23,9402.48046875,3325.5400390625
2020-01-24,9314.91015625,3295.469970703125
2020-01-27,9139.3095703125,3243.6298828125
2020-01-28,9269.6796875,3276.239990234375
2020-01-29,9275.16015625,3273.39990234375
2020-01-30,9298.9296875,3283.659912109375
2020-01-31,9150.9404296875,3225.52001953125
2020-02-03,9273.400390625,3248.919921875
2020-02-04,9467.9697265625,3297.590087890625
2020-02-05,9508.6796875,3334.68994140625
2020-02-06,9572.150390625,3345.780029296875
2020-02-07,9520.509765625,3327.7099609375
2020-02-10,9628.3896484375,3352.090087890625
2020-02-11,9638.9404296875,3357.75
2020-02-12,9725.9599609375,3379.449951171875
2020-02-13,9711.9697265625,3373.93994140625
2020-02-14,9731.1796875,3380.159912109375
2020-02-18,9732.740234375,3370.2900390625
2020-02-19,9817.1796875,3386.14990234375
2020-02-20,9750.9697265625,3373.22998046875
2020-02-21,9576.58984375,3337.75
2020-02-24,9221.2802734375,3225.889892578125
2020-02-25,8965.6103515625,3128.2099609375
2020-02-26,8980.7802734375,3116.389892578125
2020-02-27,8566.48046875,2978.760009765625
2020-02-28,8567.3701171875,2954.219970703125
2020-03-02,8952.169921875,3090.22998046875
2020-03-03,8684.08984375,3003.3701171875
2020-03-04,9018.08984375,3130.1201171875
2020-03-05,8738.58984375,3023.93994140625
2020-03-06,8575.6201171875,2972.3701171875
2020-03-09,7950.68017578125,2746.56005859375
2020-03-10,8344.25,2882.22998046875
2020-03-11,7952.0498046875,2741.3798828125
2020-03-12,7201.7998046875,2480.639892578125
2020-03-13,7874.8798828125,2711.02001953125
2020-03-16,6904.58984375,2386.1298828125
2020-03-17,7334.77978515625,2529.18994140625
2020-03-18,6989.83984375,2398.10009765625
2020-03-19,7150.580078125,2409.389892578125
2020-03-20,6879.52001953125,2304.919921875
2020-03-23,6860.669921875,2237.39990234375
2020-03-24,7417.85986328125,2447.330078125
2020-03-25,7384.2998046875,2475.56005859375
2020-03-26,7797.5400390625,2630.070068359375
2020-03-27,7502.3798828125,2541.469970703125
2020-03-30,7774.14990234375,2626.64990234375
2020-03-31,7700.10009765625,2584.590087890625
2020-04-01,7360.580078125,2470.5
2020-04-02,7487.31005859375,2526.89990234375
2020-04-03,7373.080078125,2488.64990234375
2020-04-06,7913.240234375,2663.679931640625
2020-04-07,7887.259765625,2659.409912109375
2020-04-08,8090.89990234375,2749.97998046875
2020-04-09,8153.580078125,2789.820068359375
2020-04-13,8192.419921875,2761.6298828125
2020-04-14,8515.740234375,2846.06005859375
2020-04-15,8393.1796875,2783.360107421875
2020-04-16,8532.3603515625,2799.550048828125
2020-04-17,8650.1396484375,2874.56005859375
2020-04-20,8560.73046875,2823.159912109375
2020-04-21,8263.23046875,2736.56005859375
2020-04-22,8495.3798828125,2799.31005859375
2020-04-23,8494.75,2797.800048828125
2020-04-24,8634.51953125,2836.739990234375
2020-04-27,8730.16015625,2878.47998046875
2020-04-28,8607.73046875,2863.389892578125
2020-04-29,8914.7099609375,2939.510009765625
2020-04-30,8889.5498046875,2912.429931640625
2020-05-01,8604.9501953125,2830.7099609375
2020-05-04,8710.7099609375,2842.739990234375
2020-05-05,8809.1201171875,2868.43994140625
2020-05-06,8854.3896484375,2848.419921875
2020-05-07,8979.66015625,2881.18994140625
2020-05-08,9121.3203125,2929.800048828125
2020-05-11,9192.33984375,2930.18994140625
2020-05-12,9002.5498046875,2870.1201171875
2020-05-13,8863.169921875,2820.0
2020-05-14,8943.7197265625,2852.5
2020-05-15,9014.5595703125,2863.699951171875
2020-05-18,9234.830078125,2953.909912109375
2020-05-19,9185.099609375,2922.93994140625
2020-05-20,9375.7802734375,2971.610107421875
2020-05-21,9284.8798828125,2948.510009765625
2020-05-22,9324.58984375,2955.449951171875
2020-05-26,9340.2197265625,2991.77001953125
2020-05-27,9412.3603515625,3036.1298828125
2020-05-28,9368.990234375,3029.72998046875
2020-05-29,9489.8701171875,3044.31005859375
2020-06-01,9552.0498046875,3055.72998046875
2020-06-02,9608.3798828125,3080.820068359375
2020-06-03,9682.91015625,3122.8701171875
2020-06-04,9615.8095703125,3112.35009765625
2020-06-05,9814.080078125,3193.929931640625
2020-06-08,9924.75,3232.389892578125
2020-06-09,9953.75,3207.179931640625
2020-06-10,10020.349609375,3190.139892578125
2020-06-11,9492.73046875,3002.10009765625
2020-06-12,9588.8095703125,3041.31005859375
2020-06-15,9726.01953125,3066.590087890625
2020-06-16,9895.8701171875,3124.739990234375
2020-06-17,9910.5302734375,3113.489990234375
2020-06-18,9943.0498046875,3115.340087890625
2020-06-19,9946.1201171875,3097.739990234375
2020-06-22,10056.48046875,3117.860107421875
2020-06-23,10131.3701171875,3131.2900390625
2020-06-24,9909.169921875,3050.330078125
2020-06-25,10017.0,3083.760009765625
2020-06-26,9757.2197265625,3009.050048828125
2020-06-29,9874.150390625,3053.239990234375
2020-06-30,10058.76953125,3100.2900390625
2020-07-01,10154.6298828125,3115.860107421875
2020-07-02,10207.6298828125,3130.010009765625
2020-07-06,10433.650390625,3179.719970703125
2020-07-07,10343.8896484375,3145.320068359375
2020-07-08,10492.5,3169.93994140625
2020-07-09,10547.75,3152.050048828125
2020-07-10,10617.4404296875,3185.0400390625
2020-07-13,10390.83984375,3155.219970703125
2020-07-14,10488.580078125,3197.52001953125
2020-07-15,10550.490234375,3226.56005859375
2020-07-16,10473.830078125,3215.570068359375
2020-07-17,10503.1904296875,3224.72998046875
2020-07-20,10767.08984375,3251.840087890625
2020-07-21,10680.3603515625,3257.300048828125
2020-07-22,10706.1298828125,3276.02001953125
2020-07-23,10461.419921875,3235.659912109375
2020-07-24,10363.1796875,3215.6298828125
2020-07-27,10536.26953125,3239.409912109375
2020-07-28,10402.08984375,3218.43994140625
2020-07-29,10542.9404296875,3258.43994140625
2020-07-30,10587.8095703125,3246.219970703125
2020-07-31,10745.26953125,3271.1201171875
2020-08-03,10902.7998046875,3294.610107421875
2020-08-04,10941.169921875,3306.510009765625
2020-08-05,10998.400390625,3327.77001953125
2020-08-06,11108.0703125,3349.159912109375
2020-08-07,11010.98046875,3351.280029296875
2020-08-10,10968.3603515625,3360.469970703125
2020-08-11,10782.8203125,3333.68994140625
2020-08-12,11012.240234375,3380.35009765625
2020-08-13,11042.5,3373.429931640625
2020-08-14,11019.2998046875,3372.85009765625
2020-08-17,11129.73046875,3381.989990234375
2020-08-18,11210.83984375,3389.780029296875
2020-08-19,11146.4599609375,3374.85009765625
2020-08-20,11264.9501953125,3385.510009765625
2020-08-21,11311.7998046875,3397.159912109375
2020-08-24,11379.7197265625,3431.280029296875
2020-08-25,11466.4697265625,3443.6201171875
2020-08-26,11665.0595703125,3478.72998046875
2020-08-27,11625.33984375,3484.550048828125
2020-08-28,11695.6298828125,3508.010009765625
2020-08-31,11775.4599609375,3500.31005859375
2020-09-01,11939.669921875,3526.64990234375
2020-09-02,12056.4404296875,3580.840087890625
2020-09-03,11458.099609375,3455.06005859375
2020-09-04,11313.1298828125,3426.9599609375
2020-09-08,10847.6904296875,3331.840087890625
2020-09-09,11141.5595703125,3398.9599609375
2020-09-10,10919.58984375,3339.18994140625
2020-09-11,10853.5498046875,3340.969970703125
2020-09-14,11056.650390625,3383.5400390625
2020-09-15,11190.3203125,3401.199951171875
2020-09-16,11050.4697265625,3385.489990234375
2020-09-17,10910.2802734375,3357.010009765625
2020-09-18,10793.2802734375,3319.469970703125
2020-09-21,10778.7998046875,3281.06005859375
2020-09-22,10963.6396484375,3315.570068359375
2020-09-23,10632.990234375,3236.919921875
2020-09-24,10672.26953125,3246.590087890625
2020-09-25,10913.5595703125,3298.4599609375
2020-09-28,11117.5302734375,3351.60009765625
2020-09-29,11085.25,3335.469970703125
2020-09-30,11167.509765625,3363.0
2020-10-01,11326.509765625,3380.800048828125
2020-10-02,11075.01953125,3348.419921875
2020-10-05,11332.490234375,3408.60009765625
2020-10-06,11154.599609375,3360.969970703125
2020-10-07,11364.599609375,3419.43994140625
2020-10-08,11420.98046875,3446.830078125
2020-10-09,11579.9404296875,3477.139892578125
2020-10-12,11876.259765625,3534.219970703125
2020-10-13,11863.900390625,3511.929931640625
2020-10-14,11768.73046875,3488.669921875
2020-10-15,11713.8701171875,3483.340087890625
2020-10-16,11671.5595703125,3483.81005859375
2020-10-19,11478.8798828125,3426.919921875
2020-10-20,11516.490234375,3443.1201171875
2020-10-21,11484.6904296875,3435.56005859375
2020-10-22,11506.009765625,3453.489990234375
2020-10-23,11548.2802734375,3465.389892578125
2020-10-26,11358.9404296875,3400.969970703125
2020-10-27,11431.349609375,3390.679931640625
2020-10-28,11004.8701171875,3271.030029296875
2020-10-29,11185.58984375,3310.110107421875
2020-10-30,10911.58984375,3269.9599609375
2020-11-02,10957.6103515625,3310.239990234375
2020-11-03,11160.5703125,3369.159912109375
2020-11-04,11590.7802734375,3443.43994140625
2020-11-05,11890.9296875,3510.449951171875
2020-11-06,11895.23046875,3509.43994140625
2020-11-09,11713.7802734375,3550.5
2020-11-10,11553.8603515625,3545.530029296875
2020-11-11,11786.4296875,3572.659912109375
2020-11-12,11709.58984375,3537.010009765625
2020-11-13,11829.2900390625,3585.14990234375
2020-11-16,11924.1298828125,3626.909912109375
2020-11-17,11899.33984375,3609.530029296875
2020-11-18,11801.599609375,3567.7900390625
2020-11-19,11904.7099609375,3581.8701171875
2020-11-20,11854.9697265625,3557.5400390625
2020-11-23,11880.6298828125,3577.590087890625
2020-11-24,12036.7900390625,3635.409912109375
2020-11-25,12094.400390625,3629.64990234375
2020-11-27,12205.849609375,3638.35009765625
2020-11-30,12198.740234375,3621.6298828125
2020-12-01,12355.1103515625,3662.449951171875
2020-12-02,12349.3701171875,3669.010009765625
2020-12-03,12377.1796875,3666.719970703125
2020-12-04,12464.23046875,3699.1201171875
2020-12-07,12519.9501953125,3691.9599609375
2020-12-08,12582.76953125,3702.25
2020-12-09,12338.9501953125,3672.820068359375
2020-12-10,12405.8095703125,3668.10009765625
2020-12-11,12377.8701171875,3663.4599609375
2020-12-14,12440.0400390625,3647.489990234375
2020-12-15,12595.0595703125,3694.6201171875
2020-12-16,12658.1904296875,3701.169921875
2020-12-17,12764.75,3722.47998046875
2020-12-18,12755.6396484375,3709.409912109375
2020-12-21,12742.51953125,3694.919921875
2020-12-22,12807.919921875,3687.260009765625
2020-12-23,12771.1103515625,3690.010009765625
2020-12-24,12804.73046875,3703.06005859375
2020-12-28,12899.419921875,3735.360107421875
2020-12-29,12850.2197265625,3727.0400390625
2020-12-30,12870.0,3732.0400390625
2020-12-31,12888.2802734375,3756.070068359375
2021-01-04,12698.4501953125,3700.64990234375
2021-01-05,12818.9599609375,3726.860107421875
2021-01-06,12740.7900390625,3748.139892578125
2021-01-07,13067.48046875,3803.7900390625
2021-01-08,13201.98046875,3824.679931640625
2021-01-11,13036.4296875,3799.610107421875
2021-01-12,13072.4296875,3801.18994140625
2021-01-13,13128.9501953125,3809.840087890625
2021-01-14,13112.6396484375,3795.5400390625
2021-01-15,12998.5,3768.25
2021-01-19,13197.1796875,3798.909912109375
2021-01-20,13457.25,3851.85009765625
2021-01-21,13530.91015625,3853.070068359375
2021-01-22,13543.0595703125,3841.469970703125
2021-01-25,13635.990234375,3855.360107421875
2021-01-26,13626.0595703125,3849.6201171875
2021-01-27,13270.599609375,3750.77001953125
2021-01-28,13337.16015625,3787.3798828125
2021-01-29,13070.6904296875,3714.239990234375
2021-02-01,13403.3896484375,3773.860107421875
2021-02-02,13612.7802734375,3826.31005859375
2021-02-03,13610.5400390625,3830.169921875
2021-02-04,13777.740234375,3871.739990234375
2021-02-05,13856.2998046875,3886.830078125
2021-02-08,13987.6396484375,3915.590087890625
2021-02-09,14007.7001953125,3911.22998046875
2021-02-10,13972.5302734375,3909.8798828125
2021-02-11,14025.76953125,3916.3798828125
2021-02-12,14095.4697265625,3934.830078125
2021-02-16,14047.5,3932.590087890625
2021-02-17,13965.490234375,3931.330078125
2021-02-18,13865.3603515625,3913.969970703125
2021-02-19,13874.4599609375,3906.7099609375
2021-02-22,13533.0498046875,3876.5
2021-02-23,13465.2001953125,3881.3701171875
2021-02-24,13597.9697265625,3925.429931640625
2021-02-25,13119.4296875,3829.340087890625
2021-02-26,13192.349609375,3811.14990234375
2021-03-01,13588.830078125,3901.820068359375
2021-03-02,13358.7900390625,3870.2900390625
2021-03-03,12997.75,3819.719970703125
2021-03-04,12723.4697265625,3768.469970703125
2021-03-05,12920.150390625,3841.93994140625
2021-03-08,12609.16015625,3821.35009765625
2021-03-09,13073.8203125,3875.43994140625
2021-03-10,13068.830078125,3898.81005859375
2021-03-11,13398.669921875,3939.340087890625
2021-03-12,13319.8603515625,3943.340087890625
2021-03-15,13459.7099609375,3968.93994140625
2021-03-16,13471.5703125,3962.7099609375
2021-03-17,13525.2001953125,3974.1201171875
2021-03-18,13116.169921875,3915.4599609375
2021-03-19,13215.240234375,3913.10009765625
2021-03-22,13377.5400390625,3940.590087890625
2021-03-23,13227.7001953125,3910.52001953125
2021-03-24,12961.8896484375,3889.139892578125
2021-03-25,12977.6796875,3909.52001953125
2021-03-26,13138.73046875,3974.5400390625
2021-03-29,13059.650390625,3971.090087890625
2021-03-30,13045.3896484375,3958.550048828125
2021-03-31,13246.8701171875,3972.889892578125
2021-04-01,13480.1103515625,4019.8701171875
2021-04-05,13705.58984375,4077.909912109375
2021-04-06,13698.3798828125,4073.93994140625
2021-04-07,13688.83984375,4079.949951171875
2021-04-08,13829.3095703125,4097.169921875
2021-04-09,13900.1904296875,4128.7998046875
2021-04-12,13850.0,4127.990234375
2021-04-13,13996.099609375,4141.58984375
2021-04-14,13857.83984375,4124.66015625
2021-04-15,14038.759765625,4170.419921875
2021-04-16,14052.33984375,4185.47021484375
2021-04-19,13914.76953125,4163.259765625
2021-04-20,13786.26953125,4134.93994140625
2021-04-21,13950.2197265625,4173.419921875
2021-04-22,13818.41015625,4134.97998046875
2021-04-23,14016.8095703125,4180.169921875
2021-04-26,14138.7802734375,4187.6201171875
2021-04-27,14090.2197265625,4186.72021484375
2021-04-28,14051.0302734375,4183.18017578125
2021-04-29,14082.5498046875,4211.47021484375
2021-04-30,13962.6796875,4181.169921875
2021-05-03,13895.1201171875,4192.66015625
2021-05-04,13633.5,4164.66015625
2021-05-05,13582.419921875,4167.58984375
2021-05-06,13632.83984375,4201.6201171875
2021-05-07,13752.240234375,4232.60009765625
2021-05-10,13401.8603515625,4188.43017578125
2021-05-11,13389.4296875,4152.10009765625
2021-05-12,13031.6796875,4063.0400390625
2021-05-13,13124.990234375,4112.5
2021-05-14,13429.98046875,4173.85009765625
2021-05-17,13379.0498046875,4163.2900390625
2021-05-18,13303.6396484375,4127.830078125
2021-05-19,13299.740234375,4115.68017578125
2021-05-20,13535.740234375,4159.1201171875
2021-05-21,13470.990234375,4155.85986328125
2021-05-24,13661.169921875,4197.0498046875
2021-05-25,13657.169921875,4188.1298828125
2021-05-26,13738.0,4195.990234375
2021-05-27,13736.2802734375,4200.8798828125
2021-05-28,13748.740234375,4204.10986328125
2021-06-01,13736.48046875,4202.0400390625
2021-06-02,13756.330078125,4208.1201171875
2021-06-03,13614.509765625,4192.85009765625
2021-06-04,13814.490234375,4229.89013671875
2021-06-07,13881.7197265625,4226.52001953125
2021-06-08,13924.91015625,4227.259765625
2021-06-09,13911.75,4219.5498046875
2021-06-10,14020.330078125,4239.18017578125
2021-06-11,14069.419921875,4247.43994140625
2021-06-14,14174.1396484375,4255.14990234375
2021-06-15,14072.8603515625,4246.58984375
2021-06-16,14039.6796875,4223.7001953125
2021-06-17,14161.349609375,4221.85986328125
2021-06-18,14030.3759765625,4166.4501953125
